49,36,42,43,58,17,15
49,45,40,37,56,18,15
71,44,29,45,54,22,18
39,44,40,33,56,17,19
49,43,38,42,57,18,18
45,50,33,41,56,19,26
62,46,36,40,57,11,20
44,48,39,44,39,16,10
22,39,39,44,52,13,24
47,50,40,44,55,17,17
44,47,44,42,57,16,16
54,39,39,46,56,17,16
50,44,37,47,59,13,23
44,44,44,42,56,17,15
22,36,48,43,48,8,5
30,55,40,39,56,18,18
44,47,40,45,54,19,22
52,47,40,43,45,19,14
62,29,47,34,58,16,17
45,50,42,42,50,20,14
45,42,36,38,58,18,18
47,43,39,44,60,24,13
49,49,59,49,49,17,17
50,46,61,36,51,11,30
46,42,37,45,40,23,25
43,38,40,44,51,17,16
43,28,18,46,56,15,16
47,46,40,40,56,20,16
49,53,50,40,55,11,17
49,42,18,37,51,14,14
48,41,38,25,57,17,19
48,43,43,44,56,1,20
50,38,43,46,42,18,15
49,47,45,60,64,13,14
52,22,40,41,55,18,18
30,45,41,56,53,23,16
45,43,41,40,54,16,19
46,46,37,41,57,14,16
65,48,34,43,52,1,14
48,45,45,62,51,10,16
47,35,32,41,53,15,11
48,47,39,40,52,17,16
48,46,38,38,59,13,0
45,41,44,45,55,12,14
47,46,41,47,50,21,15
52,44,29,43,61,17,18
45,43,29,45,77,13,14
56,40,38,35,53,23,14
47,60,34,45,50,18,16
46,55,34,50,54,10,14
44,46,18,54,56,16,16
51,56,37,57,46,10,18
44,48,39,23,55,9,20
49,43,40,46,52,25,17
49,43,33,35,55,14,16
46,43,37,46,56,16,17
29,37,47,36,55,9,15
56,47,33,41,56,19,18
45,41,39,36,52,10,16
47,43,35,36,52,6,16
42,46,44,41,56,13,20
53,43,40,42,54,14,18
30,43,35,45,58,18,16
41,38,39,39,54,16,12
46,51,40,45,70,9,17
48,37,32,44,49,21,18
49,42,58,39,53,18,15
48,41,41,50,66,18,13
46,40,38,41,42,17,15
52,31,40,40,35,18,19
66,58,42,45,54,25,16
45,48,31,48,54,16,17
47,47,32,43,54,4,17
50,41,46,43,59,16,16
34,45,39,38,58,16,18
54,42,40,39,56,16,16
50,47,55,48,53,15,15
20,40,36,45,55,19,13
46,45,41,37,54,16,18
51,59,44,41,45,18,18
46,39,46,51,23,18,16
35,35,32,47,52,15,16
48,41,37,50,50,18,15
53,41,46,41,48,16,18
45,56,39,36,56,16,13
14,46,40,48,65,15,15
49,42,37,42,57,14,22
49,55,40,34,54,18,13
48,53,37,43,58,17,16
46,46,39,41,62,22,12
34,49,40,42,59,30,9
33,46,40,48,34,18,16
47,45,51,43,55,17,19
51,45,29,43,59,11,25
62,22,42,44,56,27,18
52,60,38,42,56,15,18
47,45,39,41,55,12,12
47,47,35,55,59,12,15
50,42,38,46,47,18,19
44,47,45,46,54,14,16
46,39,40,46,60,18,17
42,43,43,45,55,18,16
61,37,45,32,68,14,20
51,43,33,43,55,12,16
45,45,37,41,54,18,17
50,24,38,42,47,18,15
46,42,40,29,49,17,17
43,42,34,41,49,18,18
52,48,41,48,52,18,20
29,41,45,43,52,14,18
42,45,47,52,55,17,17
50,56,41,44,51,17,26
47,46,44,43,52,17,16
51,42,37,42,55,12,20
57,54,38,39,56,15,19
55,45,41,42,55,16,17
53,42,40,43,47,17,13
47,45,40,42,54,21,16
47,57,40,42,56,19,17
64,47,42,44,55,18,17
46,50,42,41,51,19,19
48,43,35,51,43,17,16
45,41,37,45,60,15,12
52,53,33,52,62,14,10
49,24,42,39,65,20,18
49,45,34,55,65,19,13
44,37,39,45,57,28,19
46,57,38,44,48,16,15
48,45,40,39,55,18,16
25,33,35,46,50,20,18
54,41,39,48,54,21,17
50,46,16,42,50,16,16
48,41,40,45,57,20,12
45,55,39,35,58,19,18
43,36,39,51,61,18,21
47,47,48,52,63,20,18
29,40,50,46,55,16,21
48,49,42,42,65,21,14
56,46,40,43,53,18,15
48,43,52,46,55,16,18
51,66,43,44,54,23,19
56,40,38,48,56,18,17
49,51,50,45,56,15,17
46,38,37,36,64,16,20
49,41,15,45,55,17,14
57,46,39,42,64,17,18
43,49,33,44,57,23,17
40,45,31,35,54,20,27
52,42,41,46,52,18,24
51,47,39,41,55,28,18
50,55,44,46,49,11,18
47,46,38,43,54,18,17
41,52,37,39,54,15,18
57,44,28,45,58,18,19
55,46,37,44,49,13,19
30,51,42,43,56,18,17
58,44,39,43,52,16,18
50,47,37,37,60,17,11
61,42,38,41,56,19,16
46,50,32,45,57,18,18
55,48,38,45,57,18,18
48,48,40,42,49,17,25
54,46,44,43,63,27,18
44,48,27,46,55,18,0
42,44,37,39,39,18,21
56,33,38,41,51,17,13
48,48,40,46,52,20,13
58,43,40,48,58,19,20
46,46,42,40,55,17,17
43,46,36,31,58,19,24
53,48,41,40,38,24,14
44,43,38,38,53,20,1
46,24,37,31,58,25,19
48,38,38,45,44,20,29
65,42,29,47,55,20,19
51,46,37,43,40,19,18
27,46,39,52,54,15,16
36,43,48,45,43,18,19
39,33,43,46,56,10,7
48,44,33,48,66,16,16
63,46,35,49,58,17,15
32,50,37,53,64,30,18
42,33,37,43,50,21,18
51,43,38,44,50,3,25
52,44,33,32,60,18,16
57,45,31,51,55,21,6
36,38,38,48,56,18,13
54,41,38,46,61,16,16
43,39,43,47,52,19,25
50,39,38,43,47,19,25
49,46,38,44,49,14,30
37,44,27,44,44,18,12
45,42,35,44,54,19,21
43,45,42,44,55,20,18
46,50,35,45,53,29,18
54,44,37,46,51,26,19
53,52,38,46,54,17,16
57,37,39,44,54,19,11
46,45,33,46,53,17,17
52,38,39,45,55,13,17
53,40,40,44,58,15,22
49,45,36,47,53,15,16
47,43,38,45,55,18,30
49,43,40,50,56,27,18
44,44,34,45,55,11,17
44,53,38,50,55,18,17
52,55,14,42,64,24,20
61,37,32,49,47,8,18
51,41,38,45,35,23,14
52,37,37,43,53,19,27
50,43,33,60,49,9,16
38,17,41,40,55,19,15
46,38,38,30,44,19,13
63,48,38,29,53,13,16
45,46,37,44,54,18,18
49,46,38,45,58,13,18
51,42,36,36,56,24,19
29,38,47,21,53,16,16
48,51,37,47,53,25,28
64,45,39,52,38,19,16
48,44,37,45,54,17,12
50,45,40,46,57,24,21
55,47,36,46,44,22,20
49,46,36,41,55,18,24
51,45,31,43,55,19,17
68,42,30,43,55,18,14
48,46,36,45,56,19,10
43,41,31,44,26,21,15
52,41,39,45,51,17,1
47,51,37,53,42,20,18
48,42,40,40,51,16,20
65,43,31,46,55,16,31
45,44,35,45,54,24,21
53,45,39,46,58,16,20
42,52,34,37,45,22,19
43,54,16,42,58,23,15
35,42,35,41,55,13,15
56,47,44,33,74,19,25
20,45,33,44,57,18,17
53,40,23,33,53,14,16
48,44,37,49,50,17,15
51,40,32,46,52,16,10
49,44,31,46,56,19,15
51,50,28,42,36,14,16
39,50,36,46,58,16,15
30,46,36,43,56,12,23
46,47,33,46,53,20,24
70,47,32,46,59,30,17
45,37,36,42,59,16,1
48,52,22,42,53,15,12
51,37,37,40,53,17,17
62,16,41,44,50,14,18
48,49,36,46,47,15,16
55,48,39,41,46,9,11
25,47,39,42,56,18,18
49,49,37,43,57,32,14
42,43,34,50,53,16,6
50,51,33,44,54,14,17
37,40,39,51,58,16,27
53,48,33,36,57,11,16
52,51,38,40,48,18,17
50,52,30,46,54,20,17
50,48,40,44,48,18,18
54,43,43,45,53,23,17
52,46,30,49,55,11,14
49,45,39,50,56,19,20
55,39,37,40,56,19,12
48,56,37,41,55,18,18
48,47,31,41,57,20,18
54,46,35,43,56,19,26
50,44,38,43,55,23,21
46,43,33,45,56,18,25
51,50,29,50,56,17,17
50,45,33,41,61,17,18
54,39,36,44,54,20,17
47,38,35,40,57,19,17
48,46,31,43,52,21,21
47,39,17,36,57,16,22
48,31,32,53,57,30,15
34,30,36,44,50,20,15
49,58,30,49,51,17,24
44,43,35,30,59,21,20
55,42,30,38,53,22,18
22,46,35,44,54,13,14
46,42,35,41,30,18,19
65,30,33,46,55,15,14
50,45,41,40,52,17,19
45,45,34,32,50,14,27
54,56,33,60,56,22,17
49,60,36,41,46,19,17
45,61,36,62,52,22,17
30,51,38,43,58,23,21
49,52,42,43,52,19,17
37,45,35,42,53,18,25
43,48,30,42,55,20,18
43,49,35,45,50,28,15
44,54,35,50,61,22,22
50,47,32,50,63,33,20
29,59,13,46,62,1,21
52,47,35,44,60,19,19
51,33,35,49,62,23,19
52,55,47,47,64,20,1023
52,48,36,47,59,34,1023
59,47,39,49,59,15,1023
51,47,32,48,57,20,1023
57,49,37,48,62,20,1023
52,51,36,50,64,17,1023
180,58,44,49,46,22,1023
341,48,35,49,60,19,1023
364,49,39,49,61,22,1023
447,52,45,47,62,20,1023
485,74,15,50,53,16,1023
491,52,38,47,78,24,1023
482,26,37,50,57,20,1023
485,54,41,52,62,18,1023
489,49,97,69,70,18,1023
475,50,72,53,68,21,1023
472,46,86,51,67,30,1023
497,42,75,50,61,46,1023
446,47,75,53,69,23,1023
484,56,80,51,61,28,1023
488,56,69,48,63,19,1023
477,57,66,51,67,27,1023
483,57,60,51,56,7,1023
484,47,65,63,81,23,1023
488,50,65,55,78,29,1023
416,47,64,50,63,23,1023
492,51,63,50,62,21,1023
450,50,60,48,61,23,1023
496,52,60,63,61,19,1023
489,49,67,73,58,20,1023
476,52,59,34,62,20,1023
466,53,64,46,71,23,1023
457,52,59,48,62,10,1023
456,33,58,49,46,24,1023
461,67,60,45,13,23,1023
455,49,58,50,60,20,1023
454,47,55,50,67,26,1023
449,48,55,50,60,29,1023
444,51,40,48,63,0,1023
441,48,52,30,68,22,1023
448,53,57,28,68,25,1023
437,51,50,58,66,24,1023
389,50,61,55,67,32,1023
449,39,54,51,63,26,1023
436,32,44,60,60,24,1023
435,55,41,51,61,29,1023
435,52,54,37,104,28,1023
415,59,52,50,67,28,1023
408,49,55,50,65,38,1023
376,53,98,50,67,55,1023
413,49,58,47,72,33,1023
409,53,47,48,65,35,1023
423,59,78,51,61,13,1023
430,51,32,52,60,42,1023
424,55,36,51,68,42,1023
441,58,33,52,73,100,1023
428,51,33,50,59,53,1023
421,52,32,48,62,44,1023
370,61,34,55,62,53,1023
424,42,36,48,60,54,1023
429,60,32,41,73,49,1023
364,59,67,57,37,47,1023
446,57,45,51,71,72,1023
405,61,40,58,68,51,1023
451,56,48,61,60,65,1023
454,54,37,88,61,109,1023
444,56,38,63,63,144,1023
438,69,36,55,20,143,1023
455,56,49,57,82,147,1023
458,63,44,62,74,99,1023
457,53,36,37,73,193,1023
488,0,52,49,62,250,1023
470,53,37,53,66,420,1023
428,51,31,73,68,525,1023
474,50,85,54,64,596,1023
517,54,36,55,58,625,1023
485,37,38,48,53,616,1023
353,52,28,48,61,720,1023
402,51,32,47,61,767,1023
357,57,48,46,73,726,1023
349,48,35,63,59,815,1023
325,51,34,53,61,819,1023
351,50,34,57,73,820,1023
341,60,34,50,68,831,1023
342,60,38,56,76,811,1023
348,57,31,262,70,831,1023
350,59,33,243,55,750,1023
341,55,25,246,71,797,1023
366,239,44,212,71,801,1023
328,215,36,230,73,808,1023
291,180,45,236,72,745,1023
330,186,31,235,66,779,1023
328,207,36,226,64,808,1023
310,219,38,232,70,741,1023
312,226,33,233,74,812,1023
321,204,30,226,70,813,1023
312,222,39,226,58,828,1023
318,234,15,188,261,806,1023
310,141,32,214,353,856,1023
314,220,42,213,349,856,1023
316,233,34,184,366,861,1023
269,236,40,210,373,852,1023
320,246,43,213,404,859,1023
320,225,33,207,380,857,1023
316,260,46,215,414,864,1023
308,252,34,212,389,867,1023
268,263,35,210,385,873,1023
322,252,42,216,388,881,1023
324,256,44,220,379,822,1023
315,257,34,223,326,902,1023
317,262,35,205,370,891,1023
315,266,33,250,333,853,1023
318,267,29,240,373,805,1023
321,261,28,216,366,830,1023
324,265,37,217,378,850,1023
320,244,34,217,377,919,1023
315,267,78,232,379,925,1023
278,264,35,225,346,856,1023
323,266,32,143,367,938,1023
325,272,36,216,381,936,1023
319,266,33,219,408,949,1023
283,271,35,213,440,949,1023
312,257,37,202,425,953,1023
322,278,38,193,362,874,1023
315,276,73,204,396,957,1023
321,275,34,208,446,968,1023
327,274,36,201,413,979,1023
321,284,35,211,405,964,1023
325,285,48,214,384,979,1023
324,278,31,206,400,973,1023
318,305,35,217,394,973,1023
319,276,41,216,403,973,1023
331,207,39,223,399,975,1023
326,245,39,193,447,889,1023
281,277,34,206,439,978,1023
311,276,37,223,436,972,1023
318,256,41,217,423,984,1023
292,255,42,223,422,988,1023
320,261,39,222,429,983,1023
348,250,35,224,428,982,1023
322,243,43,228,422,986,1023
294,246,46,220,410,989,1023
321,248,37,221,414,993,1023
333,265,36,226,416,989,1023
329,230,1,198,415,979,1023
276,246,39,218,466,980,1023
319,242,42,221,462,918,1023
319,240,33,222,451,992,1023
316,244,47,222,441,976,1023
317,214,40,223,432,990,1023
291,55,39,171,459,1003,1023
303,63,55,227,437,1002,1023
318,70,45,207,441,1003,1023
323,65,43,227,425,1005,1023
318,62,50,243,432,996,1023
335,58,46,222,430,998,1023
329,60,36,217,434,920,1023
330,68,36,246,428,1002,1023
268,56,46,228,409,999,1023
302,59,39,225,479,996,1023
307,55,36,254,481,998,1023
287,66,34,229,461,997,1023
315,57,26,222,474,929,1023
312,56,54,216,471,1001,1023
302,47,34,223,454,930,1023
312,59,35,230,460,1005,1023
327,86,41,231,451,1001,1023
308,62,31,223,461,925,1023
306,61,36,223,458,996,1023
342,60,31,219,468,1000,1023
312,61,32,226,433,1000,1023
312,66,31,224,473,1008,1023
316,61,32,213,470,1004,1023
317,61,32,203,468,1018,1023
317,59,31,227,457,994,1023
284,61,35,225,481,999,1023
347,62,34,241,464,1001,1023
306,57,32,208,487,992,1023
323,75,33,224,459,998,1023
313,59,34,226,458,995,1023
317,55,33,223,478,997,1023
303,57,31,254,473,925,1023
286,64,37,224,452,998,1023
310,61,32,227,430,1023,1023
298,55,31,224,467,1001,1023
293,61,31,226,472,1003,1023
313,60,30,187,455,1000,1023
321,59,34,230,473,998,1023
330,33,33,225,475,1001,1023
333,56,30,209,451,1004,1023
322,59,20,262,495,980,1023
330,59,30,213,469,1006,1023
332,58,35,260,473,999,1023
305,57,31,226,491,1002,1023
360,60,15,220,497,1005,1023
330,57,29,227,510,1005,1023
331,33,34,223,495,913,1023
293,54,30,210,513,942,1023
315,45,30,231,462,1010,1023
315,58,33,233,524,1004,1023
335,56,30,225,514,1011,1023
323,57,31,263,529,1008,1023
311,58,33,203,529,1019,1023
313,34,39,225,528,1007,1023
345,60,32,224,517,1006,1023
317,44,31,227,532,1011,1023
315,60,22,234,524,1018,1023
323,57,30,234,525,1011,1023
327,58,31,232,527,1013,1023
322,58,20,235,526,1009,1023
330,43,17,239,530,981,1023
289,49,21,231,537,932,1023
319,60,23,232,543,1008,1023
326,60,31,240,546,927,1023
325,48,26,233,557,1012,1023
317,58,31,238,578,1003,1023
289,59,30,238,557,1001,1023
312,58,31,223,571,1006,1023
287,59,32,239,585,1009,1023
319,58,61,238,604,1006,1023
296,57,17,239,601,1000,1023
305,58,32,241,593,1023,1023
304,63,26,228,618,1005,1023
294,49,30,155,616,1004,1023
298,62,16,238,654,1011,1023
240,86,0,244,627,1023,1023
310,70,34,240,630,1011,1023
315,62,29,223,635,1004,1023
341,7,10,240,635,943,1023
312,9,22,240,645,920,1023
297,72,32,245,646,1023,1023
314,75,34,242,653,905,1023
303,75,36,275,687,1015,1023
281,99,32,243,667,1007,1023
309,69,37,246,700,1023,1023
307,61,36,228,694,929,1023
314,48,38,245,719,1010,1023
314,66,42,248,707,1023,1023
317,67,30,180,693,1007,1023
314,63,31,249,703,1009,1023
326,75,14,239,706,1005,1023
313,67,32,216,711,1006,1023
236,75,24,245,713,1003,1023
299,77,39,258,710,1013,1023
305,64,40,254,716,1010,1023
293,78,30,257,712,913,1023
295,64,31,245,702,947,1023
318,106,30,247,724,995,1023
323,66,31,247,716,1005,1023
283,65,39,256,723,994,1023
292,75,33,213,725,977,1023
331,66,39,240,712,1004,1023
307,74,31,252,718,997,1023
280,63,12,234,656,939,1023
275,65,35,259,722,1001,1023
312,65,42,254,712,999,1023
340,75,42,198,724,1007,1023
332,55,44,260,723,984,1023
319,66,31,256,723,997,1023
313,68,49,253,695,928,1023
328,53,36,255,719,994,1023
328,67,30,221,725,971,1023
276,54,34,259,717,1005,1023
305,61,35,254,725,1005,1023
282,67,33,248,720,1005,1023
327,68,32,256,723,925,1023
369,68,36,254,723,1002,1023
312,65,35,251,720,999,1023
320,65,33,255,725,1005,1023
305,66,36,259,725,980,1023
314,67,34,205,718,988,1023
311,66,32,256,724,933,1023
315,67,38,265,724,1009,1023
310,70,36,259,721,1002,1023
280,67,27,210,723,1003,1023
332,68,34,262,728,1002,1023
313,87,32,271,747,1008,1023
318,68,30,231,718,992,1023
321,69,28,259,712,1003,1023
311,63,36,256,667,983,1023
312,65,31,239,721,994,1023
302,65,19,215,725,995,1023
315,70,36,262,729,971,1023
319,68,17,265,708,999,1023
306,64,31,267,750,994,1023
328,69,28,266,725,999,1023
290,71,34,269,729,1002,1023
314,204,31,249,720,993,1023
311,199,33,258,722,929,1023
300,201,30,263,718,985,1023
300,204,35,258,632,994,1023
304,178,34,264,716,1001,1023
309,180,32,270,712,997,1023
323,188,34,274,650,1000,1023
314,185,81,261,716,997,1023
324,193,34,265,734,994,1023
317,179,32,271,721,935,1023
316,183,39,264,643,991,1023
309,192,51,265,720,985,1023
318,204,31,266,709,988,1023
315,202,32,261,725,1004,1023
313,136,32,266,715,970,1023
297,203,28,266,721,999,1023
305,128,60,264,612,1001,1023
296,230,21,252,728,1002,1023
313,199,32,227,662,966,1023
312,215,31,249,727,997,1023
320,200,29,265,727,1001,1023
326,199,31,277,707,992,1023
236,202,27,260,728,971,1023
303,232,32,290,731,991,1023
308,201,32,265,727,989,1023
279,203,32,257,705,998,1023
345,207,29,260,726,1001,1023
311,202,32,242,730,996,1023
317,201,33,272,713,919,1023
287,191,21,262,669,995,1023
307,154,31,239,736,1005,1023
318,166,32,253,740,991,1023
305,158,29,261,744,987,1023
349,163,28,276,751,975,1023
297,162,29,267,690,996,1023
304,167,29,264,750,879,1023
309,165,29,209,752,994,1023
306,161,29,270,761,992,1023
297,152,14,274,700,985,1023
238,164,26,260,669,985,1023
317,162,37,285,775,989,1023
305,157,28,263,761,933,1023
302,186,31,240,779,992,1023
312,155,29,266,777,992,1023
281,159,38,278,714,991,1023
297,164,28,274,778,992,1023
307,166,26,271,761,1004,1023
304,163,72,271,785,990,1023
320,165,1,266,787,990,1023
281,166,29,274,789,985,1023
300,164,31,266,804,915,1023
276,171,23,283,790,972,1023
280,116,30,264,762,997,1023
309,167,25,250,790,994,1023
296,163,0,285,802,992,1023
297,163,26,252,795,873,1023
308,174,28,279,802,988,1023
305,158,27,281,805,987,1023
313,166,30,269,805,980,1023
288,172,18,284,805,994,1023
354,171,35,279,740,1019,1023
309,173,66,286,816,994,1023
304,124,29,285,812,999,1023
293,164,76,291,819,983,1023
311,173,29,281,736,986,1023
321,166,24,279,803,989,1023
316,171,28,281,850,998,1023
327,171,26,280,822,1004,1023
312,169,37,282,831,1013,1023
305,182,30,290,853,1000,1023
332,172,48,251,837,911,1023
326,174,45,283,831,997,1023
276,190,34,209,822,975,1023
313,168,32,283,824,996,1023
315,177,28,285,851,1013,1023
313,168,37,275,828,938,1023
306,197,59,290,823,995,1023
289,148,27,292,830,994,1023
228,144,30,297,830,996,1023
303,176,17,292,722,988,1023
318,168,27,292,853,993,1023
317,172,8,277,830,931,1023
318,157,7,286,833,996,1023
333,147,24,282,826,998,1023
294,166,28,285,829,1001,1023
254,168,28,281,827,1000,1023
324,168,71,197,745,977,1023
316,167,26,288,846,998,1023
305,176,25,258,860,999,1023
305,165,79,280,835,988,1023
311,153,29,285,830,996,1023
284,151,28,303,831,907,1023
254,164,29,278,825,991,1023
286,154,46,273,827,987,1023
319,152,28,293,810,990,1023
323,92,26,288,828,996,1023
323,167,26,286,848,993,1023
314,166,27,287,829,994,1023
308,145,25,286,832,998,1023
240,168,28,290,842,983,1023
302,138,29,284,839,994,1023
316,129,25,291,867,985,1023
281,116,27,247,839,992,1023
334,144,0,292,872,910,1023
315,143,24,296,870,998,1023
285,140,20,292,877,991,1023
270,129,29,291,879,989,1023
343,131,25,297,867,992,1023
319,135,29,294,894,986,1023
320,160,25,258,879,988,1023
305,132,23,284,823,991,1023
303,118,29,257,891,987,1023
311,133,27,252,891,987,1023
317,134,29,257,884,990,1023
347,119,24,292,896,987,1023
316,138,28,294,893,994,1023
296,128,27,264,896,986,1023
321,127,28,293,891,984,1023
315,130,33,253,887,987,1023
316,144,30,268,895,994,1023
314,126,25,298,897,984,1023
304,73,32,314,897,986,1023
226,128,27,298,902,924,1023
323,128,28,291,905,997,1023
322,131,11,290,906,876,1023
327,111,25,297,901,981,1023
314,127,23,295,898,912,1023
322,103,26,254,912,985,1023
327,123,26,293,908,985,1023
318,109,28,299,842,965,1023
314,103,27,296,831,982,1023
324,103,30,300,912,988,1023
313,103,16,290,902,1004,1023
312,107,22,294,917,992,1023
312,102,28,301,911,997,1023
305,105,24,289,907,974,1023
319,110,27,296,907,989,1023
314,102,15,292,908,983,1023
317,92,25,314,910,994,1023
284,103,30,329,916,990,1023
267,100,28,288,930,889,1023
328,107,27,299,913,1011,1002
325,104,33,295,886,964,1023
319,106,26,293,916,990,1023
325,113,40,293,923,1016,1023
313,110,25,281,918,988,1023
289,114,31,307,923,987,1023
306,111,34,307,919,919,1023
306,109,26,296,918,985,1023
306,107,70,312,934,1007,1023
328,111,25,302,904,977,1023
318,114,33,312,917,986,1023
316,151,80,310,930,909,1023
343,114,37,313,837,985,1023
307,108,37,305,920,990,1023
305,93,36,312,934,988,1023
304,105,32,312,923,985,1023
313,149,23,315,924,987,1023
310,117,47,284,927,982,1023
311,110,32,308,924,982,1023
309,35,24,301,838,991,1023
305,91,51,303,933,987,1023
306,113,25,277,821,981,1023
305,149,11,322,929,983,1023
319,113,37,315,825,991,1023
308,96,36,304,933,988,1023
311,114,36,306,933,993,1023
313,109,24,310,935,983,1023
304,111,24,312,930,980,1023
330,104,29,322,930,877,1023
326,111,39,310,934,980,1023
311,118,29,311,932,980,1023
306,108,28,296,937,982,1023
290,116,27,316,938,985,1023
296,109,37,308,936,986,1023
317,108,29,308,939,992,1023
326,135,47,313,934,981,1023
305,140,32,269,941,984,1023
304,152,33,301,961,978,1023
306,107,26,257,944,992,1023
299,105,27,292,935,978,1023
280,109,25,300,938,975,1023
265,109,23,213,880,867,1023
307,104,26,285,874,977,1023
336,108,36,293,935,979,1023
311,107,24,289,939,946,1023
309,125,28,299,942,985,1023
312,114,22,281,960,974,1023
309,110,27,321,949,983,1023
316,106,73,305,889,977,1023
300,108,0,294,942,997,1023
305,108,23,292,943,973,1023
314,151,73,294,944,972,1023
342,109,28,309,817,972,1023
299,112,16,303,938,981,1023
312,107,30,300,872,950,1023
264,78,26,291,942,954,1023
301,103,12,319,936,983,1023
308,96,26,304,950,973,1023
305,129,29,305,860,967,1023
313,158,24,303,917,969,1023
325,181,26,326,946,965,1023
306,183,35,307,950,979,1023
314,184,26,305,949,974,1023
264,190,28,310,929,966,1023
323,188,16,258,945,967,1023
310,189,25,316,947,850,1023
311,184,26,313,953,939,1023
313,190,30,315,869,980,1023
310,186,22,318,949,902,1023
307,186,24,322,954,944,1023
313,190,26,319,970,966,1023
300,189,13,279,950,970,1023
293,188,21,318,934,974,1023
314,190,26,322,945,971,1023
300,190,25,315,947,961,1023
310,192,25,319,948,971,1023
309,189,31,311,949,970,1023
303,191,24,331,927,970,1023
315,179,26,319,950,968,1023
313,193,27,323,944,968,1023
250,186,24,323,952,974,1023
308,189,26,313,956,972,1023
319,188,27,326,936,968,1023
309,186,24,316,946,962,1023
318,180,24,329,869,971,1023
306,217,25,257,953,968,1023
314,190,25,325,885,960,1023
309,198,23,281,950,970,1001
243,188,25,326,954,970,1023
322,190,28,318,981,962,1023
319,185,26,313,955,956,1023
311,155,32,292,957,944,1023
310,196,30,298,853,968,1023
316,189,23,322,956,939,1023
300,190,28,289,957,962,1023
315,194,23,270,843,970,1023
310,192,26,247,962,966,1023
309,195,23,321,961,977,1023
316,198,14,323,965,965,1023
316,191,20,313,955,963,1023
306,197,26,307,956,971,1023
298,197,25,322,952,914,1023
301,200,28,328,957,963,1023
306,189,47,317,964,953,1023
311,198,27,305,958,964,1023
325,194,24,329,963,963,1023
312,191,3,325,967,968,1023
303,195,21,317,875,863,1023
323,190,27,328,956,963,1023
323,192,26,336,966,938,1023
317,200,21,278,965,967,1023
323,194,29,332,963,969,1023
310,192,25,330,962,962,1023
310,195,25,319,945,962,1023
311,195,28,319,976,985,1023
316,193,74,323,963,954,1023
321,196,32,318,976,876,1023
314,172,9,321,971,959,1023
331,197,27,322,968,953,1023
309,207,27,333,963,997,1023
308,201,26,279,969,951,1023
326,193,78,330,968,954,1023
253,198,6,335,960,960,1023
316,197,25,325,970,964,1023
322,170,24,328,960,892,1023
313,157,27,295,967,961,1023
327,195,28,310,975,959,1023
328,180,30,335,964,957,1023
315,186,25,334,970,963,1023
307,191,26,335,973,956,1023
318,133,27,335,874,957,1023
314,124,26,269,974,967,1023
312,168,28,324,969,961,1023
290,124,25,341,975,959,1023
318,127,30,324,975,956,1023
313,127,29,325,976,963,1023
322,118,26,321,973,960,1023
314,118,31,317,973,970,1023
315,120,29,335,887,936,1023
305,123,11,333,978,957,1023
312,118,24,333,983,967,1023
261,117,26,327,979,955,1023
303,123,26,338,972,864,1023
309,112,20,337,886,960,1023
326,46,14,329,976,961,1023
284,115,25,314,974,964,1023
305,114,24,326,977,865,1023
301,104,28,344,1014,953,1023
265,115,31,323,975,953,1023
309,111,13,320,982,948,1023
318,111,24,328,982,937,1023
307,95,27,314,984,955,1023
318,113,24,335,977,967,1023
304,114,27,335,978,963,1023
311,111,27,242,977,953,1023
301,110,31,332,879,948,1023
257,114,24,303,984,956,1023
307,110,23,337,987,960,1023
306,112,26,329,976,955,1023
300,116,29,334,975,931,1023
305,121,27,315,978,950,1023
292,114,26,333,985,948,1023
285,110,28,323,966,952,1023
292,113,26,326,988,956,1023
300,111,70,323,1003,944,1023
314,114,20,325,983,959,1023
300,110,23,352,977,953,1023
319,103,17,344,983,986,1023
327,113,27,344,984,953,1023
312,114,25,340,981,958,1023
317,110,26,318,982,957,1023
309,112,25,344,984,946,1023
250,106,23,342,994,952,1018
314,106,25,348,1020,953,1023
290,121,31,344,993,958,1023
306,115,27,344,1023,958,1023
293,103,28,339,997,955,1017
299,110,25,345,988,949,1023
313,107,21,339,989,946,1023
318,105,31,347,995,960,1023
296,97,26,361,993,949,1023
314,100,35,349,992,951,1023
305,95,7,352,998,955,1023
318,91,23,365,995,960,1023
318,92,0,351,997,946,1023
243,92,27,351,998,923,1023
312,95,24,353,995,881,1023
293,92,24,355,1000,983,1023
304,86,23,312,993,955,1023
307,90,24,352,999,954,1023
315,91,28,356,996,955,997
313,92,14,349,1020,959,1023
264,91,24,344,993,958,1023
315,72,24,337,895,939,1023
298,87,26,336,993,978,1023
302,88,41,356,911,956,1023
315,91,21,356,998,945,1023
265,88,23,394,1006,955,1023
285,88,29,351,1013,955,1023
297,95,24,363,996,954,1023
299,88,29,363,1012,949,1023
301,89,42,358,997,952,1023
310,91,25,346,1002,860,1023
316,89,28,312,873,932,1023
309,101,25,346,1002,931,1023
305,92,31,324,1004,951,1023
307,86,25,363,1002,954,1023
289,80,0,368,1004,950,1023
305,92,25,359,1007,948,1023
320,88,26,360,1008,944,1023
301,79,13,346,1020,949,1023
320,133,24,359,1002,952,1023
306,93,27,363,1005,934,1023
307,89,32,351,994,949,1023
306,128,23,359,1008,956,1023
313,91,22,355,1004,947,1023
311,93,42,373,982,953,1023
336,90,24,364,1018,957,1023
329,85,26,364,1011,948,1023
315,89,27,368,1007,952,1023
313,93,7,341,1008,943,1023
283,89,25,346,1005,960,1023
311,91,27,318,1008,949,1023
314,92,38,367,1015,947,1023
306,76,16,364,1023,950,1023
308,93,29,382,1009,948,1023
299,92,23,355,1009,944,1023
307,90,27,363,1004,956,1023
294,94,30,368,1014,945,1023
300,98,10,362,1007,942,1003
299,99,9,315,1023,952,1023
296,96,26,329,1002,946,1023
308,94,24,375,1015,939,1023
306,94,23,362,1015,952,1023
313,93,13,330,1008,946,1023
302,96,27,323,1016,953,1023
305,71,25,367,1020,942,1023
285,99,23,379,1011,941,1023
311,92,27,364,1017,948,1023
313,100,23,363,1021,937,1023
272,95,30,357,1014,942,1023
303,95,28,355,1022,950,1023
312,94,8,345,1019,948,1023
303,94,24,368,922,939,1023
301,94,24,362,1017,943,993
312,89,22,376,1013,943,1023
303,91,28,377,1014,936,1023
305,92,26,351,1020,941,1023
247,139,21,354,1023,830,1023
267,102,24,363,1015,861,1023
307,93,2,371,1015,941,1023
323,94,25,372,1020,933,1023
317,94,28,357,1017,852,1023
262,97,26,377,1023,941,1023
281,96,25,369,1014,948,1023
306,98,22,367,1023,926,1023
331,105,27,378,1022,864,1023
299,96,24,331,987,956,1023
312,93,25,366,1019,945,1023
308,94,31,365,965,943,1023
313,105,33,365,1021,948,1023
329,91,0,366,1023,924,1023
313,92,33,371,1023,952,1023
310,95,21,339,937,938,1023
314,95,26,369,1010,924,1023
322,97,27,370,1015,948,1023
317,104,29,320,1023,938,1023
314,96,24,373,1021,947,1023
338,96,24,352,922,921,1023
314,98,24,371,1017,940,1023
261,98,23,371,1018,937,1023
311,98,15,375,1023,947,1023
297,134,20,369,1019,947,1023
334,101,26,371,1023,944,1023
303,97,28,350,1023,939,1023
268,99,26,366,941,940,1023
311,97,33,389,1023,940,1023
311,101,26,403,933,942,1023
304,94,24,365,1022,944,1023
313,90,26,367,1023,832,1023
310,96,26,374,1023,947,1023
302,100,26,356,938,943,1023
306,69,18,362,1023,944,1023
316,103,25,366,1023,968,1023
307,99,30,356,1023,938,1023
313,101,26,345,1023,945,1023
315,97,25,371,1022,940,1023
305,97,36,377,1023,946,1023
297,106,25,349,1023,911,1023
290,86,24,321,1023,947,1023
299,92,25,372,1023,865,1023
305,101,3,376,1023,929,1023
306,101,28,367,1023,938,1023
304,89,26,370,1023,940,1023
306,100,34,376,1002,936,1023
301,70,20,354,1023,949,1023
299,98,26,351,1023,937,1023
303,89,23,373,1023,947,1023
297,122,24,376,1023,964,1023
227,69,26,382,1023,925,1023
294,102,21,375,1023,915,1023
312,100,22,367,1023,963,1023
307,104,25,369,1023,941,1023
282,88,25,380,1023,939,1023
303,143,28,345,1003,967,1023
300,109,18,369,994,936,1023
331,92,26,357,1023,935,1023
304,99,17,391,1023,936,1023
276,102,24,363,938,935,1023
273,103,24,369,1013,940,1023
254,104,27,380,1023,940,1023
281,100,32,384,918,940,1023
272,97,27,382,1002,914,1023
262,99,25,375,1010,938,1023
279,104,24,377,1023,943,1023
282,104,25,369,918,910,1023
266,99,24,345,1023,937,1023
281,100,21,363,1023,936,1023
283,105,24,374,1023,947,1023
282,105,28,376,1023,958,1023
288,90,21,373,1023,933,1012
250,100,11,378,1023,908,1023
284,98,19,370,1023,943,1023
292,101,25,372,1023,868,1023
291,101,26,376,1016,946,1023
287,90,24,376,1023,935,1023
283,100,20,365,1023,907,1023
290,101,23,371,1023,942,1023
276,98,20,320,936,939,1023
296,104,22,365,1023,936,1023
283,100,22,375,1023,931,1023
285,104,20,362,1023,928,1023
283,102,24,346,1019,938,1023
284,100,62,367,1023,934,1023
275,85,29,356,1023,925,1023
290,102,23,379,1018,936,1023
290,102,27,378,1001,948,1023
287,148,27,375,1023,941,1023
283,102,27,375,1023,936,1023
302,99,10,389,1023,858,1023
281,101,20,370,1023,831,1023
287,102,26,369,1023,940,1023
294,103,25,374,1007,930,1023
283,104,23,375,1023,931,1023
290,99,25,309,1023,911,1023
245,102,26,382,943,941,1023
283,101,29,375,1023,912,1023
293,103,23,386,1023,943,1023
269,101,27,373,1023,872,1023
258,103,27,373,1023,933,1023
285,114,25,411,1023,944,1023
294,147,24,384,1022,928,1023
285,108,26,382,948,958,1023
293,93,25,374,1023,930,1023
286,107,62,375,1023,910,1023
297,105,25,377,1002,943,1023
290,102,22,364,1023,937,1023
243,96,10,369,1023,934,1023
288,103,32,376,1023,934,1023
283,103,24,335,1023,935,1023
293,105,27,378,1023,968,1023
287,103,21,381,1023,938,1023
291,76,31,387,948,852,1023
296,99,37,385,1023,937,1023
287,99,20,371,1023,926,1023
292,103,22,363,1023,934,1023
301,101,24,387,1023,926,1023
286,108,21,313,994,932,1023
311,120,27,300,1023,929,1023
299,106,54,384,922,938,1023
294,113,26,382,1023,929,1023
296,102,17,390,1023,936,1023
269,101,28,412,940,941,1023
292,108,24,369,1016,933,1023
293,113,35,371,942,822,1023
273,104,26,369,1023,934,1023
295,106,25,368,1023,929,1023
293,104,21,377,1023,931,1023
292,107,35,376,1023,906,1023
296,106,9,379,1023,928,1023
311,108,23,376,1023,928,1023
260,111,28,385,1023,932,1023
284,105,28,378,1023,926,1023
298,111,24,377,1023,920,1023
302,105,21,369,935,931,1023
291,106,22,379,1023,857,1023
292,106,21,374,1023,928,1023
273,107,22,385,1023,811,1023
291,105,24,366,1023,925,1023
285,103,23,371,1023,891,1023
260,89,23,383,1023,932,1023
295,106,30,372,1023,926,1023
292,101,27,375,1023,935,994
290,103,27,381,1023,935,1023
299,103,27,370,1023,925,1023
299,105,62,378,1023,926,1023
292,107,63,384,1023,923,1023
285,110,25,378,1023,935,1023
288,99,10,395,1023,927,1023
293,113,22,384,1023,923,1023
286,105,24,381,1023,932,1023
290,105,23,375,1023,931,1023
293,103,22,379,1023,927,1023
296,107,25,384,1023,931,971
306,95,64,375,1023,905,1009
246,103,31,383,1023,927,1023
290,101,23,384,1011,922,1023
289,106,24,374,1013,925,1023
287,104,23,378,1023,921,1023
294,91,23,371,938,926,1023
263,107,27,384,1012,920,1023
288,104,24,383,1023,925,1023
293,102,19,385,1023,950,1023
293,90,30,388,1023,926,1023
290,107,26,362,1023,922,1003
287,91,21,376,1023,929,1023
271,104,23,383,1023,918,988
240,74,24,385,1020,925,1023
262,109,14,389,1023,920,1023
253,102,20,402,1023,925,1023
282,105,33,386,1023,922,1023
275,104,44,380,1023,925,1004
286,105,23,382,1023,912,1023
288,103,22,386,1023,913,1023
290,93,25,402,1023,922,1023
288,105,23,389,1023,927,1023
289,106,39,358,935,923,1023
292,105,24,388,1023,935,1023
289,106,22,390,959,927,1023
277,103,28,378,1023,935,1023
284,90,26,350,959,922,1023
281,104,23,387,1023,918,1023
252,106,29,309,1023,920,1023
251,101,28,373,1023,868,1013
286,105,4,350,1023,946,1023
283,89,25,379,1023,850,1023
293,103,26,384,1023,926,1023
293,147,33,379,938,927,1023
289,109,29,385,1023,927,1023
285,104,27,385,1023,921,1001
293,103,30,389,969,925,1023
259,114,49,392,987,915,1023
290,108,38,396,1023,925,1023
285,116,26,394,1023,929,1023
287,109,24,372,1023,931,1023
286,120,40,374,1023,930,1023
283,100,50,383,1023,922,1023
281,107,33,336,1023,817,1023
291,112,29,391,1023,926,1023
286,108,36,391,1023,924,1023
282,109,33,383,1023,919,1023
290,107,27,343,918,919,1023
288,117,23,390,1023,922,1023
286,125,24,405,1023,924,1023
290,114,33,363,1023,838,1023
294,119,35,380,961,924,1023
286,118,36,320,1023,928,1023
283,113,31,375,950,922,1023
285,124,25,392,957,925,1023
282,125,74,390,1023,838,1023
205,132,23,394,1023,923,1023
283,143,36,378,1023,931,1023
280,192,32,379,1023,915,1023
284,163,22,366,1023,941,1023
279,291,24,353,1023,941,1023
282,249,75,379,1023,916,1023
300,235,17,366,1023,915,1018
249,224,44,383,1023,920,1023
289,230,17,387,1023,929,1023
301,216,70,389,1023,915,1023
205,208,52,395,1023,918,1023
291,200,27,370,1023,922,1023
259,206,27,383,933,918,989
285,225,29,377,939,894,1023
290,200,0,380,1023,922,1023
290,194,0,383,1023,925,1023
279,198,33,390,1023,921,1023
262,203,24,382,956,928,983
294,204,23,386,1023,921,1016
290,201,31,382,1023,935,1009
286,197,29,379,1023,921,1023
283,211,34,338,1023,913,1019
199,221,35,379,1023,920,1023
252,231,29,392,1023,922,1023
288,251,23,322,948,919,1023
291,226,33,377,1023,911,1023
280,217,33,379,1023,926,1023
293,226,19,370,1023,919,1023
288,229,0,408,1023,910,1023
291,233,37,341,1023,941,1023
291,260,32,335,1023,921,1023
269,249,35,386,1023,826,1023
289,235,31,340,930,930,1023
288,248,40,377,1023,919,1023
289,207,25,383,1023,911,1023
278,247,0,415,1023,903,1023
283,250,35,383,1023,909,1023
285,229,39,382,949,915,1023
274,223,33,364,1023,925,1023
284,250,26,387,1023,816,1023
281,254,22,383,1023,844,1023
253,252,47,389,1023,916,1023
246,206,24,394,1023,911,1023
283,251,60,384,1023,899,1023
275,234,23,389,1023,916,1023
289,276,26,389,1023,912,1023
240,256,19,387,1005,861,1023
292,255,24,380,1023,921,1023
290,244,35,383,1023,888,1023
288,282,0,389,1023,891,1023
287,255,56,369,1023,909,1021
248,255,33,372,1023,949,1023
308,256,34,386,1023,923,1023
286,256,1,388,1023,903,1023
293,261,19,388,1023,922,1023
283,268,0,385,1018,809,1023
295,231,29,387,1023,920,1023
286,277,25,376,1023,908,1023
293,280,0,385,1023,914,1023
247,290,23,383,1023,910,1023
289,261,32,386,937,911,1023
287,283,23,299,1023,910,1023
292,284,3,388,1023,844,1023
292,281,7,399,1023,908,1023
284,281,24,392,1023,910,1023
290,293,31,383,1023,887,1023
280,283,0,377,1023,913,1023
290,270,22,383,1023,909,1023
293,275,26,337,1023,903,1023
285,249,23,378,1023,914,1023
289,273,26,387,954,931,1023
269,271,70,384,1007,829,1023
287,272,20,379,1023,938,1023
289,276,21,386,1023,912,1023
302,274,25,342,1023,907,1023
281,266,26,388,1023,905,1023
287,264,4,379,1023,929,1023
292,248,25,378,1023,908,1023
294,271,22,376,1023,906,1023
289,263,26,374,947,946,1023
288,207,26,383,1023,895,1023
293,271,22,384,1023,911,1023
291,260,19,376,1023,907,1023
289,262,25,381,1021,910,1023
295,240,23,385,1023,904,1023
289,191,24,388,1023,912,1023
289,264,26,367,1023,901,1023
298,255,9,407,920,912,1023
288,255,21,381,1023,916,1023
281,230,25,367,1023,904,1023
289,312,30,378,1023,910,1023
280,309,8,386,1023,912,1023
290,287,23,353,1023,908,1000
285,307,4,372,1023,902,1023
238,274,25,376,1023,910,1023
288,307,24,376,1023,904,1023
288,305,22,374,1023,902,1023
286,312,76,377,1023,904,1023
286,310,22,363,1023,907,1023
287,303,4,388,1023,907,1023
296,310,23,386,1023,903,1023
286,302,24,380,961,903,1023
282,302,25,381,1023,901,1023
293,291,25,387,1023,896,1023
286,249,14,380,1023,908,1023
287,301,23,384,1023,914,1023
286,300,0,380,1016,818,996
293,296,26,381,1023,896,1023
294,296,26,374,1023,913,1023
291,296,26,402,942,902,1023
289,287,9,375,1023,892,1021
287,289,23,375,987,912,1023
290,290,8,384,1023,915,1023
289,294,24,379,1023,847,1023
260,289,20,374,1023,808,1023
291,292,0,378,1023,900,1023
289,253,29,360,1023,905,1023
241,288,5,340,1023,896,958
307,273,25,374,1023,812,1023
297,292,26,357,1023,904,1023
262,283,27,375,942,895,1023
284,283,21,379,948,898,1023
294,292,29,381,1023,910,1023
241,282,23,376,1023,903,1023
282,284,32,374,1023,901,1023
293,293,22,390,1023,902,1023
293,276,1,395,1023,931,1023
293,286,25,379,1023,816,1023
295,290,33,394,1023,908,1023
287,283,25,383,1023,799,1023
288,283,33,388,1023,900,1023
291,287,32,372,1023,904,1023
279,289,17,379,1023,908,1023
299,291,26,383,957,913,1023
292,287,22,390,954,933,1023
289,312,26,382,1023,908,1023
285,280,22,395,1023,933,1023
289,292,33,386,1023,922,1023
284,290,26,393,1023,904,1023
285,279,26,374,1023,908,1023
286,282,27,370,1023,899,1023
283,285,21,342,1023,907,1023
276,284,41,389,1021,900,1023
249,233,26,383,1023,899,1023
291,269,24,388,1023,910,1023
232,265,27,390,951,900,1023
278,238,39,388,1023,898,1023
282,266,25,393,1023,903,1023
287,226,32,387,1023,825,1023
286,219,30,380,1023,826,1023
294,264,28,385,1023,915,1023
293,259,32,390,1023,894,1023
296,260,15,384,1023,799,1023
288,262,27,380,947,905,1003
303,261,29,411,1023,903,1023
297,262,28,410,1023,900,1023
292,259,22,383,1023,892,1023
287,261,65,391,1023,904,1023
287,272,29,397,1023,905,1023
314,268,27,390,1023,903,1023
282,242,23,370,1023,896,1023
288,260,21,388,1023,892,1023
292,270,12,397,1023,899,1023
291,266,7,379,1023,911,1023
214,263,20,393,1012,893,1023
294,231,55,412,1023,795,1019
319,267,24,396,1023,901,1023
256,270,21,391,948,809,1023
236,260,25,386,1023,881,1023
291,245,24,390,1023,900,1023
281,264,25,381,1023,890,1023
266,276,26,380,927,893,1023
292,265,26,332,1023,899,1023
284,255,25,390,1023,890,1023
323,240,32,394,1023,892,1023
292,265,21,388,1023,892,1023
296,265,21,386,960,902,1023
239,225,22,390,1023,797,1023
280,268,37,389,1023,897,1023
291,259,0,388,952,891,985
295,227,26,391,1023,897,1023
266,258,12,349,1023,899,1023
299,263,7,382,1023,910,1006
262,260,22,425,1023,901,1023
296,256,68,386,1023,897,1023
294,259,29,379,1023,900,1023
298,253,0,390,1023,907,1023
286,259,22,332,1023,896,1023
292,257,24,388,1023,888,1023
242,260,22,419,1023,888,1023
292,253,24,386,1021,899,1023
298,256,24,398,924,904,1023
292,255,29,389,1023,881,973
295,262,24,388,1023,899,1023
293,256,8,368,1023,910,1023
268,256,37,378,1023,891,1023
290,227,23,384,1023,925,994
289,263,24,380,1023,863,1013
304,259,0,370,1023,896,1023
292,253,22,392,1023,886,1023
291,224,21,326,1023,797,1023
297,256,20,384,1023,787,1023
297,264,43,388,1023,887,1023
273,257,21,389,1023,866,1023
295,257,30,392,1023,780,1023
289,225,22,369,1023,814,983
267,256,24,388,1023,897,986
297,263,22,394,1023,897,1023
264,258,27,339,1023,872,1023
228,233,7,389,1023,898,1023
267,257,50,370,1001,897,1023
267,254,27,386,1023,888,1023
295,259,22,389,1023,883,1023
294,255,24,395,1023,804,1023
294,255,22,387,1013,904,1023
308,257,33,376,1023,892,1023
302,238,20,395,1023,902,1023
298,260,26,401,1023,899,1007
300,254,23,399,1023,893,1023
293,222,25,386,1023,899,1023
292,258,35,392,959,809,1023
294,253,24,388,931,893,1023
304,229,32,391,1023,893,1023
298,258,41,344,1023,892,1023
298,265,26,396,1023,905,1023
297,258,29,392,1023,893,1023
255,255,27,383,951,895,1023
287,218,34,395,1023,893,1023
290,256,25,391,1023,909,1023
286,196,35,403,1023,895,1023
283,261,23,399,1023,894,1023
254,260,32,393,1023,814,1023
273,185,21,401,1023,892,1010
268,260,18,414,1023,788,1023
270,278,33,396,932,889,1023
269,279,31,331,1023,898,1023
242,276,33,396,1023,903,1023
271,281,24,400,1023,894,1023
278,267,26,396,966,888,1009
276,276,60,401,1023,899,1023
285,269,22,405,1023,893,1006
281,267,22,393,1023,893,1023
236,268,19,391,1023,894,1023
311,226,22,393,1023,917,1023
280,264,28,394,1023,872,1023
279,274,33,385,1023,895,1007
278,270,34,397,1023,899,1023
309,274,27,390,1023,893,1023
288,267,24,397,1023,857,1023
281,269,24,394,1023,896,1023
283,261,24,385,934,885,1023
279,263,8,392,1023,875,1023
281,249,45,394,1023,892,1023
246,258,31,334,1002,808,1023
276,255,24,388,1023,890,1023
288,255,22,388,1023,866,1023
278,179,24,394,1023,886,1023
235,192,35,402,923,882,1023
253,195,22,394,1023,898,1023
259,205,25,403,1023,891,1023
281,178,25,401,1023,882,1023
285,216,22,390,1023,888,1023
277,215,23,381,1023,894,1023
252,212,23,388,1023,889,1023
278,175,27,396,1023,891,1023
283,209,23,391,1023,888,1023
240,211,23,401,1007,892,1023
254,214,25,376,1023,883,1023
279,222,1,397,1023,895,1023
282,219,29,431,1023,915,1023
277,220,33,401,1023,882,1023
283,236,25,399,1023,884,1023
277,213,19,318,1023,890,1011
276,225,23,401,1023,890,1023
279,158,24,389,1023,889,990
281,213,13,349,1023,772,1023
283,217,21,382,954,887,1023
270,220,22,392,1023,869,1023
295,215,24,388,1023,881,1023
251,218,6,392,1023,884,1023
260,216,24,401,1023,889,1023
276,218,23,399,1023,783,1023
280,218,26,395,959,886,1023
275,212,22,390,937,879,1023
274,231,24,313,937,893,1023
277,220,40,402,1023,881,1023
279,219,26,394,967,822,1023
237,220,22,316,1023,885,1023
280,214,13,312,1023,859,1023
280,220,8,392,1023,902,1023
274,218,46,393,1023,882,1023
272,218,19,342,1023,893,1023
277,190,25,389,1013,897,986
275,220,25,390,1023,889,1023
273,212,21,390,947,889,1023
257,218,35,398,1023,884,1023
275,232,28,426,1023,902,1023
276,225,22,395,1023,889,1007
280,227,28,397,1023,881,1023
280,214,34,393,1023,875,1023
283,222,32,405,1023,811,1023
291,225,23,401,1023,889,1023
271,226,26,347,1023,888,1023
250,223,23,410,1023,883,1023
278,229,29,395,1023,886,1023
280,229,25,397,1023,780,1023
266,227,31,401,1023,886,1023
274,226,23,403,1023,888,1023
287,228,22,409,1023,810,1023
288,229,33,395,1023,876,1023
277,214,14,395,1007,887,957
249,219,29,402,1023,889,1023
276,237,18,393,1023,887,1023
272,236,22,424,1023,888,1023
278,224,37,372,1023,888,1023
281,229,5,422,1023,884,1012
277,224,23,395,1023,879,1023
280,228,23,404,1023,886,1023
280,223,32,336,1023,883,1023
272,234,32,375,915,891,1023
275,227,0,396,1023,883,1023
249,221,22,402,1023,880,1023
253,229,29,374,1023,884,1023
276,239,26,405,1023,882,1023
275,225,34,354,1023,892,1023
262,231,20,399,1023,878,1023
279,224,25,394,1005,885,1023
279,223,22,398,1023,852,1017
272,225,25,405,1023,884,1023
268,227,20,393,1023,878,1023
277,225,22,395,1023,772,1023
204,223,18,398,1023,879,1023
271,226,22,396,1023,880,1023
271,235,21,398,1023,879,1023
280,232,22,356,1023,872,1023
199,224,23,313,1023,886,1023
274,227,24,400,1023,888,1023
229,194,22,408,1023,883,1023
280,230,20,412,1023,881,1023
278,212,26,402,1023,891,1023
271,232,23,376,1023,874,1023
272,227,22,399,1023,879,986
309,232,21,398,1023,877,1023
274,224,23,396,1023,890,1023
271,224,23,398,1023,882,1023
272,228,23,394,1023,876,1023
275,221,0,400,1023,885,1023
277,218,23,392,1023,876,1023
270,236,19,371,919,888,1023
209,144,0,403,1023,784,1023
273,225,23,378,1023,881,1023
274,224,28,395,1023,860,1023
274,234,0,391,1023,884,1023
263,232,30,377,1023,878,1023
249,227,21,390,1011,877,1023
274,231,52,429,1016,871,1023
268,230,23,393,1023,882,1023
272,232,22,351,1023,796,1023
275,239,23,396,1023,875,1023
198,262,21,355,1023,877,1023
270,227,24,398,1023,881,1023
275,231,25,389,1023,871,1023
267,233,23,390,1023,874,1023
265,231,45,405,1023,879,1023
303,231,5,382,948,854,1023
263,216,25,386,1023,882,1023
272,206,18,393,1023,884,1023
271,220,28,390,946,851,1023
269,218,23,397,1023,876,1023
269,179,19,399,1023,773,1023
273,220,11,358,1023,881,1023
274,226,75,394,1023,768,1021
217,220,26,396,1023,891,1023
270,178,25,384,1023,875,1023
277,226,10,394,1023,876,1023
270,216,23,395,1011,874,1023
286,224,19,390,1023,873,1023
274,220,23,392,1023,875,1023
274,223,25,399,1023,875,1023
270,209,25,403,1023,872,1023
272,217,23,325,1023,884,1023
274,205,29,389,1023,889,1023
273,207,25,390,1023,882,1023
250,218,26,402,1023,879,1006
268,217,27,419,1023,845,1023
267,201,23,399,1023,875,996
268,156,19,394,1023,876,1023
256,217,24,404,1023,880,1023
275,216,18,398,1023,879,1023
282,213,24,364,1023,871,1005
285,232,14,429,1023,916,1023
270,214,22,401,1023,881,1023
268,226,56,401,1023,878,1023
296,253,0,401,1023,885,1023
268,230,0,398,1023,876,1023
287,261,26,401,1023,877,1023
271,236,26,382,1023,878,1023
270,238,24,381,1023,882,1023
256,231,19,398,941,874,1023
190,235,21,396,1023,873,1023
232,248,41,397,1023,792,1023
268,220,26,399,939,875,1023
268,229,22,355,1023,794,1023
265,232,23,393,1023,878,1023
220,230,27,406,1023,880,1023
271,199,26,400,1023,901,1023
273,227,22,396,945,882,1023
265,226,23,400,1023,882,1023
252,274,0,423,1023,883,1023
270,243,26,395,1023,757,1023
269,255,4,399,1023,879,1023
270,242,22,391,1023,875,1023
267,231,25,384,1023,878,968
260,281,23,398,1023,803,1003
261,216,25,403,1023,875,1023
274,221,5,399,1023,879,1023
293,215,20,405,1023,881,1023
237,211,25,365,1023,883,1023
264,235,23,396,1023,879,1023
270,263,26,403,1023,864,1023
265,240,22,402,954,876,1023
266,223,26,410,1023,873,1023
262,220,24,387,1023,868,1023
260,216,19,398,1019,874,1023
218,248,27,397,1023,868,1023
257,226,23,402,1023,875,1023
262,212,24,405,1023,846,1023
261,180,73,400,1023,879,1023
264,227,22,382,1023,869,1023
268,178,24,398,1023,879,1023
261,224,21,402,1014,872,1023
269,195,29,403,1023,869,1023
266,204,22,402,1023,874,1023
264,233,20,396,1023,871,1023
279,224,15,403,1023,872,1023
260,231,23,409,1023,852,993
265,233,3,397,1023,872,1023
233,225,23,402,1023,860,1023
268,223,24,401,1023,876,1023
259,216,24,407,1023,866,1023
263,221,20,402,1023,874,1023
260,223,19,396,1023,877,1023
266,228,20,380,1023,880,1023
262,228,21,397,1023,877,1023
265,230,24,398,1023,888,1023
263,222,20,409,1023,783,1023
264,231,25,350,1023,871,1017
222,236,26,407,1023,866,1023
259,262,28,399,1023,860,1023
259,206,23,403,1023,774,1023
261,228,24,329,1023,879,1023
258,223,33,311,1023,798,1023
261,223,23,397,1023,875,1008
295,223,43,401,1023,871,1023
225,221,19,399,1023,866,1023
264,226,33,406,1023,882,1023
272,227,20,399,1023,871,1023
250,228,24,404,1023,865,1023
266,231,24,411,1023,874,1023
248,227,21,407,998,782,1023
265,221,17,397,1023,871,1023
258,219,30,342,1023,855,1023
267,227,20,392,1023,875,1023
246,227,0,401,1023,864,1023
267,233,0,401,1023,871,1023
267,229,18,395,1023,868,1023
271,207,28,407,1023,777,1023
275,226,22,404,916,873,1023
255,224,22,405,1023,868,1023
264,229,22,400,1012,872,1023
262,236,27,404,1023,869,1023
261,226,20,401,1023,896,1023
265,229,19,399,1023,872,1023
262,228,22,391,1019,777,1023
263,226,28,406,1023,877,1023
266,197,22,400,1023,869,1023
263,217,72,398,949,868,1023
266,219,13,403,1023,873,1023
264,178,21,403,1015,868,1023
260,232,26,404,1023,871,1023
264,223,24,400,943,868,1023
257,235,26,405,1023,870,964
257,221,22,382,1023,878,1003
262,247,21,407,938,863,1023
259,223,25,367,1023,876,1023
260,228,27,403,1011,870,1023
254,219,25,405,988,879,1023
260,223,25,399,1023,771,1023
260,232,32,402,1023,874,1023
259,232,38,409,1023,873,1023
231,235,27,403,1023,870,1023
232,229,33,402,956,880,983
263,228,0,366,1023,867,1023
224,232,23,399,1023,868,1023
260,223,12,399,1023,876,1023
283,257,24,404,1023,875,1023
267,194,7,318,1023,797,1023
265,234,23,405,924,867,999
265,224,23,404,1023,872,1010
259,226,0,437,1023,870,1023
263,234,29,406,1023,877,1023
262,231,24,407,926,863,1023
262,183,26,402,1023,878,1023
259,229,24,410,999,864,1023
266,237,23,407,1023,869,1023
261,229,25,409,1023,863,1023
258,220,21,399,917,869,1023
262,222,22,410,1023,877,1023
266,234,22,358,1023,874,1023
257,238,26,405,1023,869,1023
243,238,23,404,1023,874,1023
261,232,26,386,1023,867,1023
254,249,12,395,1023,868,1023
257,221,19,407,1023,881,1023
263,205,25,407,1023,860,1023
237,232,25,409,918,874,1023
261,231,35,406,1023,869,1023
289,236,20,411,1023,870,1023
261,232,25,395,1023,760,996
264,225,22,403,1018,876,1023
253,231,37,403,1023,861,998
256,197,22,411,1023,874,1023
261,233,5,401,1023,871,1023
258,222,21,412,1023,867,989
242,233,33,408,957,865,1023
257,235,27,404,1023,873,997
259,230,21,403,978,867,1023
256,229,22,358,1023,863,1023
260,238,28,395,1023,868,1023
259,226,26,404,1023,878,1002
255,224,33,407,1023,794,1023
255,228,0,386,1023,861,1023
262,186,10,401,1023,867,998
271,231,13,403,1008,865,1023
259,227,25,412,1023,878,1023
261,235,24,405,1023,866,1023
257,232,28,419,948,788,1023
259,225,69,407,1023,870,1023
264,234,24,390,1023,880,1023
254,233,25,399,1023,869,1023
259,204,22,401,952,786,1023
254,233,24,410,1023,871,1023
258,235,25,400,1023,867,1023
253,230,30,406,1021,874,1023
247,227,23,410,1023,869,1023
206,232,23,405,1023,866,1023
252,239,20,433,1023,867,1023
258,227,0,409,1023,824,1023
255,233,3,413,1023,870,1023
256,234,23,394,1023,858,1023
256,233,23,404,1023,755,1023
257,223,21,407,1023,875,1023
260,226,30,406,931,868,1023
261,231,23,408,1023,866,1023
257,211,22,407,1023,869,1023
241,233,25,413,1023,869,1023
256,241,11,414,1023,870,1023
256,230,24,314,1023,866,1023
254,235,26,408,1023,860,1023
257,216,24,380,1016,890,1023
259,234,20,414,1023,872,1023
248,239,21,404,1023,862,1023
261,243,25,403,1017,778,1023
260,245,28,409,1023,844,1023
253,243,19,403,1023,867,1023
206,250,22,417,1023,754,1023
222,242,27,383,1023,867,1023
254,242,63,405,1023,853,1023
203,249,22,346,1023,864,1023
262,238,26,412,1023,867,1023
259,225,22,407,1023,871,1023
262,235,19,403,1023,860,1023
261,237,21,409,1023,886,1023
257,232,20,400,1023,842,1023
254,232,23,408,1023,872,1023
268,233,22,409,949,878,1023
286,225,18,398,1023,871,1023
257,238,27,408,1008,866,1023
210,231,25,355,1023,860,1023
259,164,25,412,1023,861,1023
266,238,24,408,1023,865,1023
254,232,22,410,1023,865,1023
282,237,24,336,1023,854,1023
258,230,21,410,1023,788,1023
249,237,25,405,1023,855,1023
252,205,26,411,1023,793,1023
255,234,9,410,1023,866,1023
258,227,25,387,1023,868,1023
256,228,24,415,952,897,1023
253,228,25,414,1023,877,977
258,232,15,409,1023,861,1023
255,227,0,413,1023,856,1023
247,234,24,407,941,858,1023
250,284,24,343,1023,866,1023
256,236,17,401,1023,863,1023
248,235,21,404,1023,864,1023
253,233,19,407,1023,858,1023
248,234,23,407,1023,855,1023
260,233,25,407,1023,885,1023
251,224,25,411,1023,873,1023
218,164,8,404,1013,863,1023
254,219,28,406,982,857,1023
252,245,20,383,1023,896,1023
253,224,26,359,1023,880,1023
252,267,23,414,1023,856,1023
250,225,25,408,1023,737,1023
257,227,25,320,1023,861,1023
257,232,23,405,1023,863,1023
229,230,26,407,1023,859,1014
257,233,46,413,1023,868,1023
221,239,27,421,1015,864,1023
254,230,21,405,1023,860,1023
254,230,29,411,1023,860,1023
221,214,22,412,995,867,1023
252,229,30,404,1023,860,1023
224,242,25,409,1023,857,1023
254,240,22,409,1023,796,1023
249,216,21,404,1023,762,1023
226,239,24,406,1023,781,1023
247,233,36,405,1023,880,1023
254,235,30,409,1020,862,975
252,235,6,403,1006,862,1023
248,238,31,410,1023,856,1023
247,194,22,403,1005,857,1023
256,200,39,384,1023,829,1023
253,201,26,407,1023,858,1023
253,240,23,408,1023,860,1023
248,236,24,408,1023,792,1023
249,223,25,409,945,869,1023
252,242,21,407,1023,859,1023
246,230,12,408,1023,849,1023
252,243,21,364,1023,858,995
248,240,27,406,1023,842,1001
281,246,20,418,1023,853,1023
251,238,26,361,1023,856,1023
249,229,25,406,1023,853,1023
246,183,26,315,1023,792,1023
247,241,25,408,1023,854,1023
195,229,24,412,1023,863,1023
224,254,21,401,1023,853,1023
254,235,18,412,1023,865,1023
245,232,8,401,1023,866,1023
249,241,28,404,1023,864,1023
249,232,29,401,1023,855,1023
199,257,22,410,1023,843,1023
247,212,28,392,1023,767,1023
242,232,27,405,1023,866,1023
264,233,25,411,1023,854,1023
232,236,21,405,1021,839,1023
220,238,25,408,1022,757,1023
252,234,25,409,1023,844,1023
247,245,4,411,1023,870,1023
247,242,26,443,1023,862,985
247,252,1,410,1023,861,1023
246,236,23,415,1023,900,1023
244,238,8,413,981,866,1023
246,239,20,413,1023,859,1023
246,238,19,410,1023,831,1023
247,232,23,389,1023,860,1023
247,237,25,404,937,871,1023
249,228,26,407,1023,890,1023
247,231,23,401,1023,776,1023
283,237,12,397,1023,860,1023
228,223,0,405,1023,861,1023
247,234,23,411,1023,834,1023
182,213,25,413,1023,856,1023
249,232,6,395,1023,792,1023
250,235,24,411,1023,862,1006
249,241,16,407,1023,847,1023
245,234,27,410,1009,846,1023
250,234,24,415,1023,859,1023
247,227,23,410,1023,793,1023
236,223,28,406,1020,854,1023
241,232,28,405,1019,859,971
259,237,25,398,1023,774,1023
246,231,24,402,1022,856,968
259,228,71,414,925,860,1023
222,234,35,388,1023,862,1023
248,231,27,406,1023,852,1023
247,237,23,411,1023,861,1023
247,204,25,405,1023,866,1023
249,237,23,390,1023,854,1023
249,194,24,407,1023,867,1023
247,237,26,406,1023,765,1023
251,235,41,409,1023,859,1023
226,212,24,323,1023,861,1023
229,238,20,406,1023,756,1023
203,261,24,410,1023,857,1023
243,243,32,411,1023,854,1023
256,228,25,409,1023,833,1023
248,240,23,407,1023,857,1023
214,238,26,406,1023,863,1023
250,237,22,412,1023,859,1023
244,237,24,399,1023,859,1023
219,236,24,409,1023,859,958
242,237,4,406,1023,879,1023
238,243,29,420,1023,848,1023
247,228,17,410,1023,789,1023
241,231,24,410,1023,857,1023
239,231,22,412,1023,855,1023
246,184,16,401,1023,867,1023
246,230,24,405,931,850,1023
247,237,29,383,1023,851,1023
243,234,22,413,1023,855,1023
242,233,24,410,1023,781,1023
237,230,23,405,1023,842,1023
249,224,24,405,1023,847,1023
245,243,19,409,1023,856,1023
245,232,24,404,1023,857,1023
249,234,36,407,1023,851,1023
242,233,35,414,967,859,1023
242,232,66,397,1017,887,1023
236,236,18,410,1023,857,1023
248,237,24,403,1023,834,1023
249,238,17,409,1023,859,1023
245,243,19,414,1023,859,1023
223,240,59,407,1023,843,1023
241,235,29,420,1019,855,1023
247,233,23,412,1023,775,1023
244,236,29,403,1023,865,1023
243,232,32,405,1023,888,1023
223,229,24,400,1020,772,1023
247,241,23,417,1006,855,1023
240,232,28,394,1023,856,1023
243,238,27,409,1023,854,1023
239,217,23,410,1023,861,1023
241,230,26,402,1023,784,1023
239,267,26,381,1023,748,968
245,263,42,400,1023,862,1023
241,236,25,408,1023,864,1023
244,245,69,411,1009,749,934
244,239,26,402,1023,855,1023
248,235,29,417,1023,856,1023
237,233,25,404,899,884,1023
239,237,15,405,1023,853,954
234,241,28,392,1023,876,1023
243,244,22,366,1019,851,1023
237,233,25,413,1023,855,1023
241,238,14,391,944,851,1023
242,228,23,408,908,860,1023
247,234,26,409,955,848,1023
241,238,23,406,1023,865,1023
222,235,23,411,1023,857,1023
243,220,31,409,1023,846,1023
207,271,30,413,1023,851,1023
241,233,24,420,1023,751,1023
227,229,27,404,948,863,1023
244,226,19,407,1023,862,1023
250,242,24,366,1023,862,1023
237,239,28,413,953,853,1023
245,219,26,401,1023,842,1023
240,218,24,370,939,861,1023
242,292,26,403,1021,851,1023
245,276,25,399,1022,797,1023
247,274,22,365,1023,860,1023
209,282,7,406,1019,847,1023
277,278,25,386,1023,856,1023
242,267,20,404,1023,855,1023
245,243,31,411,1023,853,1023
243,279,24,340,1023,852,1023
240,278,36,408,1023,849,972
279,272,34,408,1019,859,1023
242,279,22,414,1023,750,1023
206,275,26,358,1023,856,977
239,261,73,409,1023,854,1023
161,266,3,351,942,868,1023
234,249,25,412,1012,854,1023
247,271,22,406,1023,854,1023
241,257,30,409,1023,741,974
241,271,21,401,1022,891,1023
233,268,0,398,924,769,1023
240,268,28,410,1023,862,1023
239,270,22,413,1022,830,1023
221,268,23,408,995,854,983
216,267,30,408,1020,861,1023
239,262,28,404,1013,853,1023
240,284,29,408,1023,861,965
239,264,29,406,1021,893,1023
241,265,0,404,1023,855,1023
241,264,21,404,939,853,1023
188,272,27,402,1023,855,1023
241,262,27,361,1023,850,1023
208,277,24,401,929,848,1023
236,269,30,401,1023,796,945
237,272,22,382,1023,878,1023
231,273,34,349,1015,857,1023
224,266,28,408,1018,862,1023
240,232,26,407,1023,866,1023
239,241,25,409,940,857,1023
246,230,27,402,1023,761,1023
244,215,25,405,1023,851,1023
243,221,10,405,1023,846,1023
225,235,29,353,1023,793,1023
237,231,20,408,923,857,986
242,235,27,404,1013,855,1023
277,239,26,358,1023,850,1023
245,234,25,407,1023,859,1023
221,228,26,416,1023,820,1023
238,230,26,413,962,862,1023
241,233,37,354,1023,855,1023
252,186,29,411,1023,812,1023
243,239,32,424,1023,859,1023
240,231,32,347,1023,847,1023
245,196,26,400,1021,739,1023
247,229,26,430,949,857,1023
247,184,32,405,1023,845,1023
243,225,38,436,1023,848,1023
252,237,20,415,1023,857,1023
237,224,23,425,1023,784,950
215,226,29,398,1023,857,1023
240,224,29,383,1015,846,1023
243,237,23,405,1023,849,1023
240,222,31,393,1022,749,1023
238,230,24,405,1023,875,1023
252,226,27,413,1023,855,1023
241,232,35,406,1023,827,1023
238,229,35,409,1023,848,1023
268,230,26,414,1023,829,1023
241,224,24,411,1016,860,1023
198,225,14,414,1023,851,1023
234,229,51,412,1023,857,1023
237,252,14,412,1023,853,1023
236,200,25,407,1023,767,1023
241,223,48,411,1016,854,1023
233,221,37,403,902,849,1023
237,222,15,405,943,864,1023
200,175,31,398,1023,863,1023
234,226,27,394,1023,837,1023
240,187,26,409,1023,850,1023
185,223,70,410,1023,839,1023
234,177,24,408,1023,845,992
237,227,22,403,1003,846,1023
238,238,29,419,1023,852,965
242,224,26,408,1007,808,972
219,222,29,425,1023,837,1023
228,190,20,358,1023,853,977
230,222,26,368,1023,851,1023
233,228,16,404,1023,848,1023
232,226,28,403,1023,857,1023
239,223,24,409,1023,846,1023
239,224,28,411,1019,859,1023
240,220,13,411,1014,858,1023
242,222,43,408,965,844,1023
230,224,26,438,914,825,1023
237,221,28,404,1023,872,1023
231,226,25,406,1023,850,1023
236,227,24,426,1023,846,1023
233,228,10,408,1021,854,1023
244,224,27,408,1020,847,1023
224,224,25,404,1021,849,1023
173,225,26,402,1017,832,1023
188,222,28,412,1021,847,1023
256,227,26,413,1023,853,1023
225,223,9,404,1021,844,1023
240,225,30,401,905,851,1023
264,225,52,405,1021,857,1023
234,218,24,401,1019,847,989
239,220,17,412,1023,854,1023
234,222,28,409,1022,847,1023
236,191,26,396,1023,856,1023
218,207,26,410,934,848,1023
229,201,22,405,1023,850,1023
233,219,0,410,1013,850,1023
231,223,27,410,1023,848,1023
232,192,26,403,1023,855,1023
229,221,28,408,1021,847,1023
204,225,28,412,1019,853,1023
234,221,22,383,1017,852,1023
232,206,25,408,1021,845,1023
227,218,31,431,998,856,1023
231,205,27,358,1023,845,1023
231,224,28,445,1016,848,1023
232,223,25,404,1023,848,1023
231,223,24,388,1023,821,972
258,219,28,405,1023,842,1023
230,216,26,410,946,841,1023
204,214,30,410,1015,840,1023
236,218,7,413,1023,847,1023
235,226,26,404,1023,851,1023
232,192,29,407,1023,836,1023
236,144,23,364,1017,847,1023
230,202,21,406,1023,846,1023
229,221,27,406,1023,831,979
232,215,30,400,1021,847,1023
227,224,24,409,946,849,1023
229,223,56,401,956,856,1023
262,220,22,405,1011,769,1023
231,222,33,407,983,855,1023
202,230,13,394,1017,845,1023
261,144,30,407,1023,835,1023
237,184,26,404,1023,840,1023
157,220,37,412,1023,845,1023
228,218,26,405,1023,850,1023
233,225,22,402,1023,845,1023
212,221,34,408,1020,772,1023
235,221,21,389,954,848,1023
242,223,17,410,1022,843,1023
167,220,28,401,1023,844,1023
230,218,23,412,995,842,1023
233,223,24,406,1023,845,1023
241,224,22,415,1023,845,1023
239,244,21,406,1019,853,1023
243,230,20,416,951,844,1023
234,221,21,406,1022,840,1023
234,226,23,407,996,844,1023
234,152,27,407,1023,843,1023
218,228,31,362,1023,822,1023
231,221,30,408,1023,839,1023
230,230,53,364,1023,847,1023
228,227,21,410,1023,734,1023
229,242,29,414,1023,821,1023
233,229,23,411,1021,850,1023
217,223,31,410,1021,736,1023
226,224,25,427,1016,847,1023
225,219,21,396,931,846,1023
224,223,21,408,1023,846,1023
230,228,26,412,943,852,1023
232,219,28,411,1023,810,1023
223,228,29,407,1023,840,1023
229,226,26,410,1023,743,1023
198,220,26,417,1023,845,1023
224,226,14,404,1023,835,995
227,224,52,413,1023,840,1023
211,219,22,404,1014,834,1023
224,198,30,405,1020,867,1023
228,222,20,389,1015,759,1023
237,226,29,402,1017,820,1023
219,220,23,409,1023,734,1023
236,225,22,401,956,843,1023
230,221,23,409,1023,844,1023
229,225,27,409,1023,854,992
187,229,15,416,1012,786,1023
238,227,29,410,1023,877,1023
224,222,26,358,915,838,1023
227,222,26,410,1021,836,1023
152,253,39,377,1023,842,1023
182,218,33,405,1020,852,1023
229,222,20,405,1023,751,1023
227,224,9,413,930,835,1023
223,221,35,417,1019,720,1023
194,221,21,420,1011,840,1023
226,216,29,413,1023,846,1023
227,216,20,416,1023,850,1023
224,225,29,420,1023,770,1023
237,226,36,419,1022,770,1023
225,224,40,416,1022,845,1023
152,227,29,406,1022,859,1023
225,194,27,413,1023,848,1023
231,227,23,415,1018,843,1023
234,217,26,364,1015,863,1023
232,225,63,391,941,844,1023
227,230,25,360,1023,843,1023
148,252,34,413,1023,843,966
230,227,48,400,1021,843,1023
223,233,27,406,1023,846,1023
221,231,25,418,1011,844,1023
225,226,25,410,1023,841,1023
223,219,28,420,1023,853,1023
239,226,22,439,1023,848,1023
251,228,35,370,1011,848,1023
225,218,32,393,1023,841,1023
226,255,39,437,1021,836,1023
204,233,30,418,1023,845,1023
226,227,46,418,1015,843,1023
250,244,23,413,1023,842,1023
230,233,24,397,1023,843,1023
225,211,27,419,1023,838,1023
220,213,24,415,923,846,1023
225,226,27,413,1023,841,1023
228,229,47,411,1016,845,1023
229,230,16,415,1023,853,1023
227,231,32,416,1023,830,1023
230,193,35,415,1023,840,1023
247,236,33,415,1023,845,1023
222,228,27,401,1023,826,1023
228,230,25,411,1022,842,1023
237,230,17,415,937,836,1023
231,231,31,420,1018,841,1023
221,216,30,411,1023,837,1023
224,225,28,416,1023,844,1023
227,229,21,411,1023,844,1023
221,239,15,415,1023,841,1023
227,251,59,408,1017,836,1023
202,230,38,421,928,838,1023
220,230,26,412,1002,845,947
207,225,26,407,981,823,1023
233,224,27,408,1023,839,1023
206,222,23,418,1019,839,1023
222,226,29,409,1015,863,1023
221,229,28,415,928,837,1023
226,225,71,422,1000,836,1023
224,226,19,421,1015,831,1023
222,226,24,406,1019,814,1023
228,226,43,413,990,841,1023
217,226,25,401,1023,835,1023
222,224,31,415,1022,804,1023
218,255,24,391,1018,811,1023
219,228,25,393,1013,844,1023
248,226,23,409,1014,835,1023
228,220,28,415,1023,778,1023
223,226,26,409,997,837,1023
178,223,46,388,1022,835,1023
228,257,0,411,1023,833,1023
225,180,26,409,1019,839,895
199,228,25,415,1021,836,1023
222,228,23,415,1023,872,1023
222,232,22,422,1023,837,946
214,248,25,411,1022,832,1023
215,222,25,411,1017,833,1023
225,223,25,415,1015,733,1023
224,220,24,418,1023,841,1023
207,204,28,412,938,806,1023
219,225,11,417,1023,820,1023
219,235,28,415,1023,831,1023
227,229,22,406,941,841,1023
218,236,21,414,1023,828,1023
219,231,37,419,1018,829,1023
218,224,30,415,1023,839,1023
221,229,21,391,1023,830,1023
222,229,26,413,1023,830,1023
221,225,27,423,1021,834,1023
223,225,21,413,1022,830,1023
209,218,34,412,1011,832,1023
224,231,30,409,927,749,1023
177,231,30,416,1023,826,1023
221,227,25,412,1023,840,1023
222,182,24,415,1023,833,1023
220,227,24,415,992,836,1023
221,213,19,413,1021,834,1023
222,224,27,407,1017,741,1023
197,234,23,429,1017,772,1023
223,234,27,411,1000,829,1023
221,225,24,420,1020,833,1023
219,243,25,407,1011,830,1023
230,225,27,419,1023,835,982
223,225,31,417,1015,832,1023
220,228,26,394,918,826,1023
204,230,30,394,1013,833,1023
223,230,26,413,1023,824,1023
225,204,24,413,1017,828,1023
220,225,25,393,1015,831,1023
226,211,23,403,1018,834,1023
225,232,26,414,992,834,1023
225,206,25,414,1023,835,1023
223,213,25,390,1012,834,1023
219,224,23,448,1023,832,961
221,214,22,411,1016,843,1023
220,177,28,407,1022,806,1023
217,225,27,412,1023,818,1023
225,230,23,358,1023,832,1023
220,224,23,394,1015,831,1023
223,216,30,413,1016,833,1023
222,206,69,416,1013,828,1023
199,229,22,419,1023,841,1023
220,216,22,406,1023,840,1023
224,214,23,418,993,831,1023
222,230,23,412,1005,828,1023
222,217,24,409,1023,835,1023
218,232,25,411,995,838,1023
193,222,24,422,1023,872,1023
220,227,70,423,954,827,1023
225,221,24,417,1023,828,1023
208,219,0,418,934,825,1023
175,220,9,407,999,739,1023
221,224,25,405,1019,727,970
202,176,25,410,1011,828,1023
227,206,23,420,1012,828,1023
221,210,24,409,1023,830,1023
220,228,26,348,1023,825,1023
222,205,2,405,1023,834,1023
194,227,29,437,992,826,1023
222,212,0,411,1023,835,936
226,221,25,418,1020,839,969
223,211,28,413,1023,830,1023
219,214,23,418,1018,833,1023
221,226,30,418,1019,833,1023
175,227,30,411,1020,829,1023
215,228,22,410,1018,826,1023
221,223,27,365,1023,777,1023
199,217,11,415,1021,835,1023
222,222,21,416,1019,764,960
225,218,27,349,1019,832,1023
221,204,20,427,1023,773,1023
220,218,8,409,1015,832,1023
220,231,25,417,1018,833,1023
222,169,23,410,1017,837,1023
220,219,25,427,1023,823,1023
221,223,24,413,1022,834,1023
189,220,26,400,1019,830,1023
217,220,21,410,1022,830,1023
213,197,25,408,1022,804,1023
176,234,24,412,1005,826,1023
202,227,26,410,1018,821,1023
218,208,26,410,1023,829,1023
223,231,24,417,1014,829,1023
225,207,28,415,1022,807,1023
217,224,29,369,1023,830,1023
219,227,24,422,954,830,1023
210,226,17,419,1020,822,1023
213,230,22,412,1023,833,1023
195,233,22,408,1021,834,1023
213,186,22,412,1008,856,1023
214,224,28,417,899,827,1023
199,224,24,374,1023,829,1023
216,210,24,412,1016,834,1023
213,224,2,421,1019,828,1023
226,229,0,422,1014,830,938
213,209,27,414,1020,832,1023
248,224,27,410,1013,804,1023
218,208,28,419,898,823,1023
218,232,29,414,1011,834,1023
213,224,27,419,1013,833,1023
199,205,24,400,1004,803,1023
215,193,24,418,1023,835,1023
215,216,26,418,1023,812,1023
214,230,26,408,1019,825,1023
174,219,9,413,1023,831,1023
198,209,24,413,1013,828,1023
175,189,22,411,1015,833,1023
214,224,22,410,1019,836,1023
215,235,41,412,1023,823,1023
170,225,23,446,1019,812,1023
213,208,20,409,1019,761,1023
213,201,24,410,1021,826,1023
215,226,30,408,1016,827,1023
235,227,26,409,1022,832,1023
215,168,29,430,1015,843,1023
217,228,11,412,1023,821,973
224,225,30,420,1022,822,1023
214,205,23,349,1022,832,972
220,228,33,420,1019,805,1023
213,210,9,400,1010,828,1023
210,222,28,368,1013,829,1023
215,230,26,420,983,834,1023
216,229,29,418,1000,828,1023
212,228,23,416,1023,826,1023
215,230,26,413,1016,823,1023
179,232,22,412,1022,826,1023
219,182,22,418,1014,816,964
214,230,25,419,1021,759,1023
187,229,29,407,1023,839,1023
214,233,23,416,1018,768,1023
213,228,24,365,1016,825,1023
220,227,27,415,1021,842,973
190,242,29,416,1020,831,959
214,233,28,415,1011,828,1023
219,203,27,417,936,836,1023
207,231,35,416,1023,814,1023
219,234,29,403,1023,818,1023
145,192,18,419,1023,850,1023
207,231,23,419,1023,823,1023
229,231,41,415,1023,836,1023
215,229,26,420,914,861,1023
196,235,27,415,1018,830,1023
205,228,26,333,1023,838,1023
214,230,26,358,1023,829,1023
212,234,29,413,986,726,1023
213,228,36,418,972,828,1023
216,224,30,415,914,827,1023
212,180,24,420,1021,832,1023
225,235,34,415,1023,826,1023
192,206,22,413,1014,827,1023
215,231,38,416,930,825,1023
213,230,29,422,1021,832,1023
215,229,25,420,1019,828,1023
207,239,28,420,919,823,1023
213,225,28,415,1021,847,1023
218,233,31,416,1023,823,1023
218,229,28,424,1023,832,1023
243,236,25,416,1019,817,1023
205,224,28,422,1023,828,1023
217,231,23,369,1016,751,1023
241,235,26,417,1023,829,1023
212,229,38,393,1023,825,1023
212,232,25,414,949,830,1023
212,237,35,417,1022,853,1023
214,223,28,418,1023,825,1023
208,231,30,444,1023,829,1023
218,232,22,339,1021,831,1023
219,227,36,399,1018,812,1023
213,219,24,370,1023,761,1023
212,214,25,447,1023,813,1023
209,223,27,420,1023,824,1023
214,225,18,421,1016,830,1023
212,224,28,342,1023,833,1023
207,234,23,411,1019,727,1023
215,233,35,401,1023,822,1023
213,179,24,413,950,829,1023
217,225,25,401,1014,833,1023
207,227,26,412,1023,819,1023
213,234,24,412,1020,820,1023
240,201,27,414,1019,823,1023
200,258,11,369,1010,821,1023
213,231,24,423,1015,820,1023
217,217,25,415,1015,832,1023
211,229,11,416,1016,820,1023
204,233,14,416,1016,833,1023
215,215,33,416,1023,823,1023
199,233,28,412,1008,806,1023
213,231,17,409,1021,826,1023
194,232,25,402,1023,821,1023
214,232,49,412,1019,828,1023
214,232,21,426,1017,791,1023
211,234,26,430,1023,825,1023
227,233,26,396,1016,812,1023
188,234,25,416,1000,820,1023
213,227,25,411,1023,826,1023
214,233,26,421,1022,825,1023
188,229,24,402,940,823,1023
212,224,25,422,1017,770,1023
216,206,25,409,1007,824,1023
236,232,25,420,1023,828,1023
226,212,37,407,1018,825,1023
215,225,23,425,1009,825,1023
214,225,29,366,1015,850,1023
215,206,25,411,1023,822,1023
216,206,26,421,1019,818,1023
217,218,23,418,940,833,1023
204,207,26,418,1012,822,1023
210,215,27,375,1016,811,1023
216,223,26,421,1015,825,1023
184,233,26,420,1016,823,1023
214,222,63,408,1014,815,1023
209,214,26,396,1023,743,1023
219,232,34,416,1022,758,1023
200,215,44,413,1021,824,1023
242,218,26,443,923,826,1023
247,217,22,433,1019,822,1023
215,210,28,370,1023,818,1023
197,220,29,415,1011,823,1023
216,209,22,419,1022,812,1023
203,146,23,414,1023,824,1023
220,222,24,359,1015,821,1023
219,207,16,421,1023,815,981
216,208,30,416,1023,826,967
221,240,32,413,1021,802,972
214,208,39,444,1023,810,1023
193,219,23,426,1023,815,1023
218,185,13,419,1023,823,1023
214,217,26,415,1023,824,1023
217,205,26,419,1021,825,1023
236,158,22,425,1023,825,1023
220,208,27,421,920,823,1023
205,208,26,414,1015,824,983
214,211,26,408,1023,822,1023
215,211,26,423,1014,738,1023
216,204,27,448,1019,821,1023
220,213,25,424,1022,820,1023
214,184,25,370,1021,832,1023
212,204,17,428,1015,819,1023
182,212,26,420,1023,820,1023
195,207,29,378,1023,818,1023
203,214,27,425,1013,835,1023
214,209,26,424,1012,823,950
218,214,31,420,1021,823,1023
212,216,25,443,1014,825,1023
215,219,9,423,1020,823,1023
218,218,25,426,1020,822,1023
223,211,2,427,1019,816,1023
227,214,22,427,1023,816,1023
218,222,24,383,1011,823,1023
224,200,25,424,1023,760,1023
215,211,28,421,944,810,1016
238,195,0,415,1023,851,1023
198,206,26,404,1023,823,1023
216,210,9,420,1019,817,1023
212,209,6,420,1008,822,1023
219,220,26,420,989,842,1023
213,203,25,422,1016,821,1023
215,214,28,420,1023,819,1023
218,208,26,432,1020,825,1023
168,247,23,426,1011,814,1023
214,227,56,416,1012,815,1023
233,200,27,413,1023,819,1023
221,210,31,422,1005,760,1023
217,213,27,408,1021,825,1023
218,207,26,425,1023,820,1023
212,207,21,432,1023,821,1023
216,213,15,410,1018,815,1023
214,209,29,414,1021,822,1023
217,204,28,405,1014,818,1023
214,196,26,422,1014,820,1023
221,209,24,421,1022,813,1023
213,203,25,426,1017,819,1023
212,202,23,397,1023,821,1023
211,210,29,422,1023,819,1023
214,210,26,425,1017,793,1023
174,204,19,427,1018,824,1023
209,212,23,425,1018,817,1023
210,210,27,371,1014,814,1023
213,209,26,425,1023,825,1023
212,207,14,430,1021,821,1023
214,206,30,423,1013,816,1023
152,205,25,429,1020,816,1023
210,206,29,419,943,810,1023
176,202,24,422,924,816,1023
211,211,27,425,1023,820,1023
212,207,27,359,1023,815,964
211,206,23,422,1018,815,1023
211,211,27,420,1015,833,1023
213,206,27,432,1017,817,1023
239,215,30,424,1020,796,1023
216,218,27,375,1023,820,1023
213,214,21,422,1018,753,1023
212,212,23,407,1016,805,1023
216,198,26,430,952,828,1023
216,201,29,425,1018,823,1023
209,204,25,431,1023,816,1023
192,146,20,429,918,767,1023
214,208,28,426,1023,816,1023
209,192,0,423,1016,822,1023
202,211,30,456,931,819,1023
212,203,26,425,1020,820,1023
212,204,24,452,1015,828,1023
179,208,60,416,1017,845,1023
215,216,25,414,1023,795,1023
209,215,24,420,1023,811,1023
211,201,34,413,1022,821,1023
208,208,37,427,1021,813,1023
210,216,25,428,1014,796,1023
215,212,22,401,965,805,997
213,199,22,424,974,828,1023
209,227,19,377,1021,824,1023
212,210,25,426,1009,851,995
233,236,23,423,1021,813,1023
208,200,24,418,1007,758,1023
208,207,25,430,1014,824,1023
207,206,22,429,1018,817,1023
212,214,21,421,1023,824,1023
215,208,25,420,1019,817,1023
240,212,0,428,1012,794,1023
212,223,27,422,1009,814,1023
211,216,29,422,1015,821,1023
209,210,23,423,940,740,1023
214,210,26,415,1000,813,974
211,207,28,420,1011,816,1023
214,213,23,447,969,823,1023
205,207,6,427,1021,853,1023
209,212,30,415,1023,824,1023
210,203,35,429,998,816,995
203,219,24,379,1017,802,1023
207,197,26,430,1008,815,1023
167,209,29,419,1016,811,1023
205,210,23,424,1023,823,1023
206,210,26,424,1016,819,1023
210,227,22,426,1015,815,950
213,220,22,422,1017,809,1023
207,209,8,428,1019,730,1023
207,206,21,421,926,820,1023
206,210,21,421,1011,815,969
211,167,41,410,1017,818,1023
209,205,33,421,1021,821,1023
208,202,24,424,1011,820,1023
210,186,23,421,1013,819,1023
207,204,45,423,1021,815,1023
216,214,38,422,1017,810,1023
212,157,26,375,1016,815,1023
184,178,27,428,1021,823,1023
207,215,24,411,1018,818,1023
209,211,25,429,1023,815,1023
210,206,24,426,1023,809,1023
173,197,28,427,929,812,1023
212,189,26,424,1023,819,1023
154,207,23,410,964,816,1023
209,207,25,430,1022,817,1023
209,216,8,411,1013,806,1023
211,205,29,419,1018,812,1023
209,201,28,415,1023,810,1023
210,204,26,426,1004,808,1023
209,178,25,424,1017,807,1023
194,212,12,355,1023,843,966
209,204,29,424,1021,809,1023
163,208,26,424,1023,816,1023
214,188,26,389,1023,727,1023
201,206,19,432,1014,815,1018
209,203,26,422,1023,812,1023
202,203,9,426,1015,819,1023
209,193,27,428,1014,815,1023
197,184,26,384,1018,814,1023
197,202,22,421,1019,822,1023
207,207,25,434,1023,815,1023
194,187,24,427,1014,818,1023
211,200,23,423,1023,813,1023
225,202,27,423,1022,818,1023
207,194,60,426,1023,752,1023
207,172,10,423,1011,787,1023
208,219,52,418,1015,818,1023
183,216,17,421,1020,815,1023
208,193,28,429,1023,816,1023
204,177,34,422,1019,812,1023
210,205,26,424,1018,846,1023
212,194,28,409,1016,816,1023
207,207,17,421,1000,757,1023
212,204,21,421,1023,821,1023
211,205,25,423,969,763,1023
214,201,29,424,1023,795,1020
209,198,28,431,1010,811,1023
207,200,26,428,1013,819,1023
209,180,26,421,1020,799,1023
208,203,23,431,1021,819,1023
182,213,26,434,998,818,962
228,185,26,409,1019,738,959
181,204,25,406,1017,817,988
210,205,25,424,1007,804,1023
209,204,48,427,1016,815,1023
206,211,23,358,1023,817,976
206,215,27,416,945,811,1023
207,186,25,430,1023,822,1023
209,212,26,387,1017,811,983
209,218,28,425,1009,828,1023
173,224,22,456,1023,747,1023
211,211,28,432,1018,816,1023
212,206,27,434,1021,815,1023
207,198,0,431,1019,823,1023
214,201,22,431,1020,810,1023
211,188,38,431,1019,810,1023
209,198,12,425,1023,800,1023
206,204,27,423,1023,820,1023
203,206,18,361,1015,816,1023
204,212,24,431,1013,821,1000
208,202,26,430,1023,815,1023
206,205,23,434,1023,815,1023
207,202,21,421,1023,808,1023
210,208,30,420,935,809,1023
205,214,22,388,1011,817,1023
208,209,22,427,996,815,1023
210,207,26,433,1023,811,962
205,200,26,428,1013,815,1023
207,177,13,416,1013,819,1023
205,205,65,428,1016,816,1023
208,184,25,425,1023,801,1023
206,209,26,427,1011,823,1023
190,207,23,420,995,818,1023
210,202,25,433,1015,812,1023
200,218,27,401,1023,815,1023
209,212,22,424,1018,795,1023
208,209,27,424,1019,812,1023
208,204,22,429,988,815,1023
209,219,25,429,955,811,1023
211,168,21,432,1013,814,1021
206,188,25,397,1020,807,1023
191,193,19,377,1023,810,1023
211,202,24,367,1023,791,1023
210,204,26,405,1022,812,1023
192,204,26,425,1007,811,1023
209,204,35,426,952,793,1023
207,193,24,406,1017,781,988
211,201,22,382,1023,806,1023
217,201,29,423,1016,805,1023
209,205,26,426,1023,750,1023
205,202,21,401,1015,805,1023
208,203,29,432,1010,812,1023
206,203,33,422,1022,811,963
208,197,28,413,952,797,1023
210,200,28,363,1018,806,1023
207,200,21,427,1012,792,1006
226,205,28,376,1012,772,1023
167,201,23,411,1016,811,1023
212,201,0,424,1023,745,1023
214,207,25,428,1015,805,1023
212,200,14,430,1013,799,1023
217,202,16,424,1023,727,1023
212,200,24,431,1023,798,1023
210,167,25,426,1022,793,1023
204,202,22,424,1013,808,1023
205,197,28,432,1021,808,1023
208,204,26,422,1023,796,1023
215,201,5,427,1023,788,1023
208,209,24,427,1017,802,1023
210,186,24,428,1021,806,1023
204,206,25,387,1014,833,1023
204,203,26,433,1018,809,1021
207,204,21,409,1010,786,1023
210,201,25,428,1016,812,1023
209,198,12,429,1021,714,1023
205,206,29,432,1008,804,973
209,212,33,431,1016,803,1023
209,204,22,427,1018,804,1023
200,201,21,436,1023,804,1023
198,203,26,429,1015,810,1023
237,201,33,431,1010,809,1023
207,210,24,422,1008,826,1023
179,208,27,419,1009,804,1023
205,198,10,431,1023,805,1023
208,182,0,434,1015,808,1023
193,211,22,432,1022,788,1023
203,195,29,432,1012,811,1023
210,203,25,429,1012,805,1023
209,203,32,429,1014,800,1023
182,182,25,429,922,794,1023
212,188,22,414,1023,754,1023
209,204,27,433,952,760,1023
207,199,0,379,1011,809,1023
209,198,22,439,1023,801,1023
207,201,39,431,1012,811,975
211,201,23,432,1019,779,1023
210,201,27,431,1022,809,1023
215,207,30,451,1023,806,1023
207,207,26,430,1019,813,1023
216,205,33,438,943,807,1023
210,191,30,433,1016,803,1023
207,199,29,394,1012,811,1023
210,211,27,429,1007,755,1023
221,209,22,438,1023,816,1023
208,208,29,432,950,799,1023
172,205,26,430,955,809,1023
208,213,32,433,943,770,1023
214,211,26,446,1023,807,1023
206,213,58,425,1015,761,1023
209,215,26,429,1023,805,1023
208,220,23,435,1016,808,1023
208,190,22,430,940,807,1023
211,191,19,426,1023,803,1023
211,217,24,427,1019,804,1023
213,197,5,430,1014,806,1023
205,232,31,437,1018,804,1023
206,207,36,421,1023,810,1023
210,205,27,434,1023,807,1018
208,206,20,429,1022,808,1023
208,223,22,426,1019,787,1023
222,208,15,380,917,806,1023
216,214,33,432,1016,807,1023
184,208,38,429,1019,808,1023
212,207,25,422,1003,814,1023
207,210,1,425,1023,800,1023
200,227,24,384,1005,800,1023
207,223,0,431,1016,809,1023
202,198,24,428,1023,833,1023
211,204,21,389,987,802,1023
178,178,30,446,940,804,1023
173,207,22,411,1018,799,1023
209,209,35,447,1016,803,1023
160,211,26,456,1021,831,1023
209,204,60,420,996,807,1023
197,205,45,423,1022,803,977
205,220,31,448,1021,793,1023
209,207,24,428,1023,743,1023
206,214,30,431,1023,795,1023
172,204,60,437,1016,800,1023
209,210,27,455,1023,817,1023
212,209,31,423,1015,799,979
212,198,28,419,920,723,1023
210,193,31,429,1017,801,977
207,213,35,430,1015,749,1023
204,210,32,434,1021,812,1023
207,214,35,438,1015,802,1023
206,209,30,381,1012,803,1023
214,204,34,435,1021,796,1023
223,205,35,439,955,810,1023
207,210,34,429,1019,790,1023
189,213,27,429,1016,802,1023
205,215,29,437,1019,741,1023
208,202,25,433,1020,806,1023
202,205,25,434,1021,837,1023
223,203,29,435,1016,801,1023
211,211,17,432,1015,802,1023
201,218,23,444,941,802,1023
202,216,34,443,1023,806,1023
211,215,21,437,1019,808,1023
186,214,23,402,1020,706,1023
161,223,26,458,1016,799,1023
174,203,25,445,1020,750,1023
178,219,28,441,1023,803,1023
145,194,24,440,961,806,1023
177,195,23,432,1011,804,1023
157,237,23,411,1006,819,1023
157,210,21,423,1020,807,1023
179,216,12,427,943,778,1023
169,224,19,432,1013,747,1012
152,226,23,433,919,799,1023
185,213,0,432,1019,799,1023
176,228,25,445,1019,804,1023
154,213,26,431,1023,808,1023
173,211,20,443,1020,801,1023
176,170,34,433,1017,747,1023
173,168,19,430,1023,831,1023
176,210,26,436,1018,823,1023
174,206,36,396,1023,797,989
180,189,30,438,1017,797,1023
198,209,26,436,1014,802,1023
177,205,27,397,1022,803,1023
176,215,23,393,1023,800,1023
176,227,25,435,933,818,1023
180,203,28,435,1019,754,1023
175,207,33,443,959,793,978
163,214,26,443,1014,802,1023
177,209,29,437,1010,809,963
147,208,42,435,1023,802,1023
178,202,24,431,1021,803,995
157,192,32,447,1019,807,1023
175,163,33,444,958,797,1012
178,201,59,381,1011,752,984
176,202,35,438,1001,741,1023
184,200,24,433,935,803,1023
171,203,59,445,1019,806,1023
181,225,26,437,1016,802,1023
187,202,24,437,1020,829,1023
181,195,32,440,1013,733,1023
189,206,31,396,1023,806,1023
126,208,48,426,1023,804,985
174,207,25,433,1021,800,1023
176,201,30,428,1023,814,1023
182,203,28,433,1014,801,1023
178,205,34,458,1018,798,1023
179,200,29,435,930,804,1023
183,200,23,403,1017,779,953
178,203,25,431,1014,797,1023
174,206,26,433,951,743,1023
165,200,33,431,1007,796,968
165,205,30,431,997,794,1023
175,204,25,431,1001,795,1023
178,202,31,429,1021,775,1023
178,207,32,435,1023,803,1023
172,203,24,436,1017,826,1023
177,165,28,437,1012,803,1023
161,221,33,434,1014,829,1023
176,212,32,436,1013,787,973
177,203,27,432,1017,785,1023
173,204,25,436,1015,805,1023
179,207,20,448,1010,805,1023
177,206,29,436,1015,807,1023
148,206,24,438,990,793,958
188,200,33,430,1020,802,956
170,181,27,447,1017,812,1023
181,209,13,436,1018,786,1023
213,205,49,436,1023,800,1023
178,209,34,436,1022,800,1023
183,209,0,439,1007,800,1023
180,207,26,432,1017,803,1023
174,197,40,436,1013,800,1023
164,203,27,446,1014,749,1023
205,203,25,441,946,801,1023
179,209,26,436,1005,797,1023
181,200,32,392,977,804,1023
174,220,18,393,1018,797,1023
177,208,29,426,1006,705,1023
180,200,42,441,1022,800,1023
175,205,24,435,1009,797,1023
124,236,37,436,1020,811,1023
178,213,27,434,990,807,1007
152,208,28,437,955,798,961
179,210,25,438,1020,806,1023
114,209,37,434,1020,816,1023
172,204,28,434,1019,801,1023
179,209,23,402,1016,801,1023
175,204,3,427,1020,800,1023
181,205,24,443,985,794,1023
177,221,33,441,991,792,1023
168,203,49,429,959,797,1023
184,182,24,434,1010,776,1023
186,193,34,427,945,801,1023
180,173,21,440,950,789,1023
180,222,25,433,1010,795,1023
183,214,34,375,1018,741,1023
178,203,25,464,1019,743,977
177,199,29,434,1014,783,1023
187,204,43,439,1002,801,953
200,209,20,439,937,800,1023
201,217,44,441,1007,796,1023
208,203,33,431,1013,798,1023
200,202,28,431,1019,800,1023
196,208,27,440,1015,796,1023
199,202,32,430,1015,803,1023
198,167,21,435,1007,774,1023
195,201,25,434,1010,786,973
202,212,28,436,1005,800,1023
194,186,30,463,1018,797,1023
186,189,32,432,1008,814,1023
198,204,30,440,1023,813,1023
196,211,28,436,1016,796,1023
201,196,29,438,1019,818,1023
213,201,27,430,1007,796,1023
226,195,28,399,1010,778,1023
197,202,30,434,1023,727,1023
173,203,31,376,1011,820,1023
197,206,30,437,999,786,996
195,202,41,435,1008,799,1023
195,201,33,440,990,799,1023
197,210,27,454,1023,802,1023
207,200,43,440,1018,788,977
184,204,27,441,1019,748,1023
196,202,26,457,1018,803,1023
136,202,30,434,1010,790,1023
196,146,30,435,1016,797,1023
216,204,28,432,1014,794,1023
199,206,33,435,1022,788,974
196,201,27,441,1013,788,1021
190,199,32,440,1007,793,1023
192,195,7,432,1005,788,1023
197,193,13,437,995,797,1023
195,205,27,434,1013,797,1023
197,200,31,455,1007,791,1023
189,203,23,436,1009,792,1023
192,199,29,434,1007,769,1023
196,197,28,435,1014,797,1023
172,209,27,411,1018,788,1023
194,206,28,439,1008,782,1023
197,206,21,396,1008,779,1023
194,205,27,436,1014,803,1005
199,202,24,446,1009,787,1009
193,203,26,431,1011,787,1023
193,211,27,423,1012,789,1023
196,188,29,393,992,793,1023
175,202,30,433,1009,792,967
193,201,28,437,1008,788,1023
194,200,26,444,1009,776,1023
192,204,30,436,988,787,1023
195,203,65,436,1015,813,1023
185,186,22,438,1008,792,1023
180,204,28,368,945,766,1023
196,189,24,436,1023,780,1023
203,207,30,429,1010,796,1023
195,204,35,437,1020,785,959
196,201,30,439,1003,797,1023
195,207,27,431,1011,786,1023
192,202,27,447,1006,790,1023
195,206,33,433,936,792,1023
174,200,47,433,1023,783,1023
194,204,29,426,1009,788,1023
196,210,30,418,1011,791,1023
193,198,29,408,1009,791,1023
192,205,28,433,1015,785,1023
197,202,65,433,986,791,1018
193,202,16,440,1014,811,1023
196,158,10,432,1011,794,1023
194,210,14,431,1020,785,1023
211,206,65,436,915,785,1023
171,215,30,437,1010,786,1023
190,203,37,440,1015,780,1023
202,203,31,436,1018,791,1023
194,203,29,442,998,738,1023
194,230,35,424,1006,792,1023
194,205,19,416,1008,788,1023
189,202,31,431,1012,793,1023
192,208,34,443,1010,783,930
191,200,43,443,1011,780,1010
192,203,23,396,1004,791,1023
156,205,64,436,961,794,1023
189,209,26,433,1005,800,1023
183,194,27,427,937,787,965
191,206,34,442,1012,790,1021
193,188,36,455,1023,793,1023
195,213,30,433,1017,789,1023
191,203,37,429,976,745,1023
197,203,32,434,1003,791,1023
192,207,44,438,1009,811,1023
193,200,34,430,1011,796,1023
192,199,36,438,1017,789,1023
191,197,20,418,1015,782,1023
191,204,32,437,1012,792,970
191,202,20,439,1010,791,1023
190,230,22,434,1023,812,1023
195,201,31,438,1014,736,1023
193,221,33,429,1012,780,1023
190,206,37,442,1007,790,1023
194,206,38,434,1015,784,1023
162,202,0,435,1019,792,1023
192,187,32,426,990,788,1023
206,204,36,436,1013,710,1023
194,202,35,436,1003,787,1023
194,203,36,441,1010,777,1023
175,205,41,433,955,794,1023
181,215,37,438,1017,787,1015
195,197,35,437,991,774,1023
192,208,32,460,1012,819,1023
191,206,30,439,1005,794,1023
139,210,44,435,1010,786,1023
191,202,29,432,1014,812,1023
191,204,34,414,1005,792,1023
187,200,42,434,1018,787,1023
196,206,20,439,1005,784,1023
194,205,35,432,947,785,1023
212,206,30,434,1023,791,1023
194,203,35,431,1009,783,1023
175,202,35,436,1004,785,1023
183,177,34,430,1007,783,1023
197,203,30,422,1007,790,1023
198,205,67,439,1002,776,1023
191,199,40,438,1012,774,1023
191,204,35,437,1013,791,1023
193,211,33,431,999,758,1023
194,172,27,430,1015,778,1023
183,201,35,437,1012,786,983
181,209,40,441,1011,740,1023
183,197,35,435,1003,782,1023
166,199,31,373,936,785,1017
188,207,35,435,1005,789,1023
188,204,36,427,955,702,966
175,210,41,423,1011,792,1023
164,209,23,369,1004,736,1023
191,227,24,433,1000,782,1023
179,206,25,442,986,749,1023
188,177,34,431,1011,788,1023
186,207,32,435,1019,733,1023
190,215,39,431,1004,785,1023
191,202,33,438,1014,786,1023
161,235,35,434,943,789,1023
191,206,21,415,1015,782,1023
190,216,41,438,1006,784,1023
189,222,15,432,1009,779,1023
193,203,35,432,1012,741,1021
186,202,23,415,1017,792,936
174,202,14,434,1016,786,1023
190,202,34,437,997,781,1023
192,207,35,428,1013,789,1023
178,204,34,424,1013,786,969
175,200,36,428,1003,783,1023
171,191,36,439,1002,723,1023
187,193,37,435,984,789,1023
191,207,35,413,946,775,1023
190,203,28,430,1016,780,1023
179,213,35,435,950,789,1023
191,209,71,440,999,777,1023
187,216,32,434,1013,789,1023
203,214,46,437,1014,778,1023
190,211,44,432,1023,787,1023
192,112,42,444,954,784,1023
203,98,39,443,1023,789,1023
186,86,39,448,1013,786,1023
192,96,41,454,987,790,1023
192,102,26,447,1023,770,1023
193,44,36,449,1011,737,1023
196,111,46,435,1020,786,1023
217,125,18,406,1013,797,1023
191,114,49,444,1016,734,963
187,136,43,401,937,795,1023
194,147,36,448,1021,788,1023
198,118,43,440,932,789,1023
192,114,36,449,1023,790,963
194,118,44,447,1021,791,937
170,69,45,446,1012,726,1023
188,109,39,444,1008,788,1023
185,109,68,447,1002,788,962
145,104,46,448,1017,803,1023
193,105,27,391,1012,787,1023
208,103,46,441,1023,776,1015
188,102,39,440,1023,769,1023
200,102,31,450,1020,788,1023
191,103,38,447,1017,814,1023
202,107,35,443,998,787,1023
194,99,39,450,1016,766,1023
187,101,47,423,1023,787,1023
215,118,46,416,1010,765,1023
189,119,43,377,1015,702,1023
192,106,38,414,1023,789,1023
189,103,25,417,1023,786,986
203,101,39,413,1009,781,1023
187,97,34,408,1016,784,1023
194,121,42,411,1020,789,1023
193,92,17,410,949,797,1023
182,91,42,411,1018,786,1023
209,69,25,410,1018,801,1023
187,97,45,408,954,791,1023
190,92,41,372,1016,781,1023
190,92,38,411,1018,786,1023
212,94,38,414,1012,731,1023
178,89,45,395,1013,791,1023
213,88,38,407,1023,788,1023
190,88,41,408,990,791,1023
185,116,35,410,1016,782,1020
190,87,43,421,1015,775,1023
186,87,38,406,1018,782,1023
192,85,39,362,1023,776,1023
180,76,37,420,1019,822,1023
194,81,38,407,1012,788,1023
193,85,37,403,1014,782,1023
180,78,46,409,1018,783,1023
154,79,35,373,1010,779,1023
184,63,0,413,1021,783,1020
208,82,39,372,1009,790,1023
193,88,38,412,931,790,1023
191,85,40,408,1021,784,1023
151,88,42,361,1013,789,1023
213,86,41,390,950,796,1023
189,78,37,404,1011,790,1023
188,82,25,406,1022,793,1023
194,84,39,391,1015,788,1023
197,84,37,401,1018,787,1023
189,82,37,371,1023,780,1023
180,89,37,415,1016,767,1023
193,80,43,445,1015,788,1023
171,86,46,412,1015,804,1016
193,97,37,412,1023,815,960
215,82,39,414,1023,790,1023
209,72,40,419,1017,784,1023
198,86,31,362,1002,735,1023
193,82,47,411,1009,789,1023
203,83,39,369,1015,798,1014
193,63,8,417,1023,786,1023
194,83,36,419,1017,783,1023
198,104,41,418,932,800,1023
185,78,50,406,1004,785,1023
202,103,41,412,1020,789,1023
192,76,37,415,1023,704,1014
170,86,68,410,1016,786,1023
199,84,0,419,1014,785,1023
192,83,42,381,1020,789,950
171,76,38,374,952,782,967
192,76,29,411,1017,801,1023
194,73,38,408,1023,741,1023
202,76,43,419,1016,781,1023
197,76,26,415,1021,754,1023
198,67,40,419,1019,773,1023
175,74,39,409,1011,774,974
197,79,35,408,1006,694,1023
194,72,36,434,1019,791,1023
200,83,37,410,1019,812,1023
195,82,43,418,1014,721,1023
198,85,43,415,1010,784,1023
194,86,35,412,1014,783,951
194,55,38,416,1009,761,978
224,87,37,418,1023,784,969
195,89,32,416,1015,789,1023
163,71,48,416,1015,762,1023
198,109,23,422,1009,781,1023
197,81,37,426,1022,781,1023
181,80,41,416,920,720,1023
171,87,34,414,1015,784,1023
193,81,36,426,1010,785,1023
198,90,37,421,921,718,964
194,86,41,413,1013,776,1015
192,84,48,376,1023,785,1023
200,85,35,364,991,787,1023
188,88,41,369,1023,786,1023
189,192,38,367,1014,803,1023
197,81,67,417,1023,784,979
221,62,26,412,960,783,1023
193,81,34,414,933,692,1023
194,70,35,408,1019,786,1023
198,83,35,415,1023,786,1023
193,80,45,413,1017,783,1023
193,75,38,414,1009,786,1023
192,74,60,412,909,797,1023
195,70,44,346,1022,729,1023
194,75,0,418,1011,780,1023
191,73,15,413,1019,787,1023
193,86,0,421,914,770,954
202,83,40,418,991,709,1023
134,75,36,419,1012,722,1023
190,74,40,419,999,788,1023
194,74,32,390,1012,776,1023
196,76,34,412,1010,785,1023
186,71,37,409,1012,778,1023
191,74,32,412,1008,776,1022
191,73,33,413,1018,738,1023
174,74,39,408,932,719,1023
194,60,41,411,1016,769,1023
188,70,37,407,1012,776,1023
207,65,34,407,1015,777,1023
196,92,38,417,1010,781,1023
198,80,12,392,1015,781,1023
191,82,35,411,1014,778,1023
216,71,38,433,1015,779,1023
195,101,41,415,915,778,1023
191,79,37,416,1007,782,1013
179,77,45,369,939,788,1023
188,73,35,422,1009,785,1023
191,78,35,410,1020,773,1023
191,51,32,391,1023,717,1023
193,75,68,412,1004,788,1023
194,77,33,413,997,728,1012
156,75,37,410,1008,783,1023
190,77,37,412,1023,781,1004
160,73,66,415,990,783,1023
191,78,24,419,947,815,1014
190,70,34,416,1016,777,1023
192,76,40,416,1016,783,968
194,77,36,418,1016,754,1023
176,80,44,416,949,791,1023
167,83,34,426,1018,760,1023
195,74,40,418,923,780,1023
192,73,34,390,1008,781,1023
198,72,36,415,1018,787,1023
189,77,42,416,1018,782,1023
216,72,37,419,1022,781,1023
142,75,40,419,1016,731,1023
191,79,39,411,1016,766,1023
218,75,30,423,1014,770,1005
193,77,34,396,1018,791,973
193,72,34,437,1015,789,1023
192,75,70,418,1013,784,1023
190,73,68,351,1015,786,963
189,70,33,411,1011,792,1023
192,69,36,415,941,778,1023
